"chapter","requirement_id","srs_id","trc_id","pattern","brd_requirement_intent","domain_identity_status","approved_hld_binding","approved_lld_binding","data_binding","api_binding","event_binding","disposition","candidate_domain_from_existing_submitted_source","domain_source_disposition"
"463","REQ-46301","SRS-FR-2323","TRC-46301","XX01","Maintain authoritative records and lifecycle history","DOMAIN_CONFLICT_REQUIRES_AUTHORITY_RECONCILIATION","NOT_PROMOTED—EXACT LOCATOR/APPROVAL REQUIRED","SUPPORTING DESIGN ONLY—EXACT LOCATOR/APPROVAL REQUIRED","NOT FULLY PROMOTED—VALIDATE APPLICABILITY/LOCATOR","NOT FULLY PROMOTED—VALIDATE APPLICABILITY/LOCATOR","NOT FULLY PROMOTED—VALIDATE APPLICABILITY/LOCATOR","OPEN—NO UAT/ACCEPTANCE/G9 PROMOTION","Enterprise Event & Message Management","Source review: HLD_463_470_Detailed_Design_Traceability_Remediation_v1.9; HLD_463_470_Evidence_Source_Handoff_Gate_v3.1; EM-OPS-049/050 Protected G9 Matrix v5.8. REQ→SRS 48/48 and XX01–XX06 pattern 48/48 established; authoritative design family EM-HLD-001 FINAL, EM-LLD-CONSOLIDATED_v1, EM-LLD-010 FINAL identified. Exact approved HLD 0/48, LLD 0/48, HLD/LLD pairs 0/48, DATA/API/EVENT exact refs 0/48. Domain context for Chapters 464–470 only; Chapter 463 object model not established. Candidate/component refs not promoted. SRC-003 OPEN/NO-GO; G9 BLOCKED."
"463","REQ-46302","SRS-FR-2324","TRC-46302","XX02","Enforce role-based authorization before material actions","DOMAIN_CONFLICT_REQUIRES_AUTHORITY_RECONCILIATION","NOT_PROMOTED—EXACT LOCATOR/APPROVAL REQUIRED","SUPPORTING DESIGN ONLY—EXACT LOCATOR/APPROVAL REQUIRED","NOT FULLY PROMOTED—VALIDATE APPLICABILITY/LOCATOR","NOT FULLY PROMOTED—VALIDATE APPLICABILITY/LOCATOR","NOT FULLY PROMOTED—VALIDATE APPLICABILITY/LOCATOR","OPEN—NO UAT/ACCEPTANCE/G9 PROMOTION","Enterprise Event & Message Management","Source review: HLD_463_470_Detailed_Design_Traceability_Remediation_v1.9; HLD_463_470_Evidence_Source_Handoff_Gate_v3.1; EM-OPS-049/050 Protected G9 Matrix v5.8. REQ→SRS 48/48 and XX01–XX06 pattern 48/48 established; authoritative design family EM-HLD-001 FINAL, EM-LLD-CONSOLIDATED_v1, EM-LLD-010 FINAL identified. Exact approved HLD 0/48, LLD 0/48, HLD/LLD pairs 0/48, DATA/API/EVENT exact refs 0/48. Domain context for Chapters 464–470 only; Chapter 463 object model not established. Candidate/component refs not promoted. SRC-003 OPEN/NO-GO; G9 BLOCKED."
"463","REQ-46303","SRS-FR-2325","TRC-46303","XX03","Validate mandatory business conditions before material changes","DOMAIN_CONFLICT_REQUIRES_AUTHORITY_RECONCILIATION","NOT_PROMOTED—EXACT LOCATOR/APPROVAL REQUIRED","SUPPORTING DESIGN ONLY—EXACT LOCATOR/APPROVAL REQUIRED","NOT FULLY PROMOTED—VALIDATE APPLICABILITY/LOCATOR","NOT FULLY PROMOTED—VALIDATE APPLICABILITY/LOCATOR","NOT FULLY PROMOTED—VALIDATE APPLICABILITY/LOCATOR","OPEN—NO UAT/ACCEPTANCE/G9 PROMOTION","Enterprise Event & Message Management","Source review: HLD_463_470_Detailed_Design_Traceability_Remediation_v1.9; HLD_463_470_Evidence_Source_Handoff_Gate_v3.1; EM-OPS-049/050 Protected G9 Matrix v5.8. REQ→SRS 48/48 and XX01–XX06 pattern 48/48 established; authoritative design family EM-HLD-001 FINAL, EM-LLD-CONSOLIDATED_v1, EM-LLD-010 FINAL identified. Exact approved HLD 0/48, LLD 0/48, HLD/LLD pairs 0/48, DATA/API/EVENT exact refs 0/48. Domain context for Chapters 464–470 only; Chapter 463 object model not established. Candidate/component refs not promoted. SRC-003 OPEN/NO-GO; G9 BLOCKED."
"463","REQ-46304","SRS-FR-2326","TRC-46304","XX04","Preserve audit evidence for material events","DOMAIN_CONFLICT_REQUIRES_AUTHORITY_RECONCILIATION","NOT_PROMOTED—EXACT LOCATOR/APPROVAL REQUIRED","SUPPORTING DESIGN ONLY—EXACT LOCATOR/APPROVAL REQUIRED","NOT FULLY PROMOTED—VALIDATE APPLICABILITY/LOCATOR","NOT FULLY PROMOTED—VALIDATE APPLICABILITY/LOCATOR","NOT FULLY PROMOTED—VALIDATE APPLICABILITY/LOCATOR","OPEN—NO UAT/ACCEPTANCE/G9 PROMOTION","Enterprise Event & Message Management","Source review: HLD_463_470_Detailed_Design_Traceability_Remediation_v1.9; HLD_463_470_Evidence_Source_Handoff_Gate_v3.1; EM-OPS-049/050 Protected G9 Matrix v5.8. REQ→SRS 48/48 and XX01–XX06 pattern 48/48 established; authoritative design family EM-HLD-001 FINAL, EM-LLD-CONSOLIDATED_v1, EM-LLD-010 FINAL identified. Exact approved HLD 0/48, LLD 0/48, HLD/LLD pairs 0/48, DATA/API/EVENT exact refs 0/48. Domain context for Chapters 464–470 only; Chapter 463 object model not established. Candidate/component refs not promoted. SRC-003 OPEN/NO-GO; G9 BLOCKED."
"463","REQ-46305","SRS-FR-2327","TRC-46305","XX05","Support controlled exception handling","DOMAIN_CONFLICT_REQUIRES_AUTHORITY_RECONCILIATION","NOT_PROMOTED—EXACT LOCATOR/APPROVAL REQUIRED","SUPPORTING DESIGN ONLY—EXACT LOCATOR/APPROVAL REQUIRED","NOT FULLY PROMOTED—VALIDATE APPLICABILITY/LOCATOR","NOT FULLY PROMOTED—VALIDATE APPLICABILITY/LOCATOR","NOT FULLY PROMOTED—VALIDATE APPLICABILITY/LOCATOR","OPEN—NO UAT/ACCEPTANCE/G9 PROMOTION","Enterprise Event & Message Management","Source review: HLD_463_470_Detailed_Design_Traceability_Remediation_v1.9; HLD_463_470_Evidence_Source_Handoff_Gate_v3.1; EM-OPS-049/050 Protected G9 Matrix v5.8. REQ→SRS 48/48 and XX01–XX06 pattern 48/48 established; authoritative design family EM-HLD-001 FINAL, EM-LLD-CONSOLIDATED_v1, EM-LLD-010 FINAL identified. Exact approved HLD 0/48, LLD 0/48, HLD/LLD pairs 0/48, DATA/API/EVENT exact refs 0/48. Domain context for Chapters 464–470 only; Chapter 463 object model not established. Candidate/component refs not promoted. SRC-003 OPEN/NO-GO; G9 BLOCKED."
"463","REQ-46306","SRS-FR-2328","TRC-46306","XX06","Provide governed reporting for status, exceptions and performance","DOMAIN_CONFLICT_REQUIRES_AUTHORITY_RECONCILIATION","NOT_PROMOTED—EXACT LOCATOR/APPROVAL REQUIRED","SUPPORTING DESIGN ONLY—EXACT LOCATOR/APPROVAL REQUIRED","NOT FULLY PROMOTED—VALIDATE APPLICABILITY/LOCATOR","NOT FULLY PROMOTED—VALIDATE APPLICABILITY/LOCATOR","NOT FULLY PROMOTED—VALIDATE APPLICABILITY/LOCATOR","OPEN—NO UAT/ACCEPTANCE/G9 PROMOTION","Enterprise Event & Message Management","Source review: HLD_463_470_Detailed_Design_Traceability_Remediation_v1.9; HLD_463_470_Evidence_Source_Handoff_Gate_v3.1; EM-OPS-049/050 Protected G9 Matrix v5.8. REQ→SRS 48/48 and XX01–XX06 pattern 48/48 established; authoritative design family EM-HLD-001 FINAL, EM-LLD-CONSOLIDATED_v1, EM-LLD-010 FINAL identified. Exact approved HLD 0/48, LLD 0/48, HLD/LLD pairs 0/48, DATA/API/EVENT exact refs 0/48. Domain context for Chapters 464–470 only; Chapter 463 object model not established. Candidate/component refs not promoted. SRC-003 OPEN/NO-GO; G9 BLOCKED."
"464","REQ-46401","SRS-FR-2329","TRC-46401","XX01","Maintain authoritative records and lifecycle history","DOMAIN_CONTEXT_AND_COMPONENT_CANDIDATES_RECOVERED_NOT_APPROVED","NOT_PROMOTED—EXACT LOCATOR/APPROVAL REQUIRED","SUPPORTING DESIGN ONLY—EXACT LOCATOR/APPROVAL REQUIRED","NOT FULLY PROMOTED—VALIDATE APPLICABILITY/LOCATOR","NOT FULLY PROMOTED—VALIDATE APPLICABILITY/LOCATOR","NOT FULLY PROMOTED—VALIDATE APPLICABILITY/LOCATOR","OPEN—NO UAT/ACCEPTANCE/G9 PROMOTION","Enterprise Supplier Relationship Management","Detailed source inspected: EM_CONSOLIDATED_REQUIREMENTS_Ch464_BRD_SRS_HLD_LLD working baseline, §3 requirement matrix and §5 domain evidence. REQ-46401–46406 map to SRS-FR-2329–2334; candidate HLD-464-CAP-01..06; supporting LLD components XX01 CMP-008/007, XX02 CMP-003/004/005, XX03 CMP-007/010, XX04 CMP-017, XX05 CMP-009/010, XX06 CMP-016/014. Source explicitly says exact approved HLD/LLD locators OPEN and DATA/API/EVENT pending. Domain model: Supplier Profile with Scorecard, Risk Assessment, Compliance Record, CAPA, Contract Obligation, Business Review, Supplier Incident, AI Recommendation. This is useful design context but working baseline, not approval; no exact contract joins promoted."
"464","REQ-46402","SRS-FR-2330","TRC-46402","XX02","Enforce role-based authorization before material actions","DOMAIN_CONTEXT_AND_COMPONENT_CANDIDATES_RECOVERED_NOT_APPROVED","NOT_PROMOTED—EXACT LOCATOR/APPROVAL REQUIRED","SUPPORTING DESIGN ONLY—EXACT LOCATOR/APPROVAL REQUIRED","NOT FULLY PROMOTED—VALIDATE APPLICABILITY/LOCATOR","NOT FULLY PROMOTED—VALIDATE APPLICABILITY/LOCATOR","NOT FULLY PROMOTED—VALIDATE APPLICABILITY/LOCATOR","OPEN—NO UAT/ACCEPTANCE/G9 PROMOTION","Enterprise Supplier Relationship Management","Detailed source inspected: EM_CONSOLIDATED_REQUIREMENTS_Ch464_BRD_SRS_HLD_LLD working baseline, §3 requirement matrix and §5 domain evidence. REQ-46401–46406 map to SRS-FR-2329–2334; candidate HLD-464-CAP-01..06; supporting LLD components XX01 CMP-008/007, XX02 CMP-003/004/005, XX03 CMP-007/010, XX04 CMP-017, XX05 CMP-009/010, XX06 CMP-016/014. Source explicitly says exact approved HLD/LLD locators OPEN and DATA/API/EVENT pending. Domain model: Supplier Profile with Scorecard, Risk Assessment, Compliance Record, CAPA, Contract Obligation, Business Review, Supplier Incident, AI Recommendation. This is useful design context but working baseline, not approval; no exact contract joins promoted."
"464","REQ-46403","SRS-FR-2331","TRC-46403","XX03","Validate mandatory business conditions before material changes","DOMAIN_CONTEXT_AND_COMPONENT_CANDIDATES_RECOVERED_NOT_APPROVED","NOT_PROMOTED—EXACT LOCATOR/APPROVAL REQUIRED","SUPPORTING DESIGN ONLY—EXACT LOCATOR/APPROVAL REQUIRED","NOT FULLY PROMOTED—VALIDATE APPLICABILITY/LOCATOR","NOT FULLY PROMOTED—VALIDATE APPLICABILITY/LOCATOR","NOT FULLY PROMOTED—VALIDATE APPLICABILITY/LOCATOR","OPEN—NO UAT/ACCEPTANCE/G9 PROMOTION","Enterprise Supplier Relationship Management","Detailed source inspected: EM_CONSOLIDATED_REQUIREMENTS_Ch464_BRD_SRS_HLD_LLD working baseline, §3 requirement matrix and §5 domain evidence. REQ-46401–46406 map to SRS-FR-2329–2334; candidate HLD-464-CAP-01..06; supporting LLD components XX01 CMP-008/007, XX02 CMP-003/004/005, XX03 CMP-007/010, XX04 CMP-017, XX05 CMP-009/010, XX06 CMP-016/014. Source explicitly says exact approved HLD/LLD locators OPEN and DATA/API/EVENT pending. Domain model: Supplier Profile with Scorecard, Risk Assessment, Compliance Record, CAPA, Contract Obligation, Business Review, Supplier Incident, AI Recommendation. This is useful design context but working baseline, not approval; no exact contract joins promoted."
"464","REQ-46404","SRS-FR-2332","TRC-46404","XX04","Preserve audit evidence for material events","DOMAIN_CONTEXT_AND_COMPONENT_CANDIDATES_RECOVERED_NOT_APPROVED","NOT_PROMOTED—EXACT LOCATOR/APPROVAL REQUIRED","SUPPORTING DESIGN ONLY—EXACT LOCATOR/APPROVAL REQUIRED","NOT FULLY PROMOTED—VALIDATE APPLICABILITY/LOCATOR","NOT FULLY PROMOTED—VALIDATE APPLICABILITY/LOCATOR","NOT FULLY PROMOTED—VALIDATE APPLICABILITY/LOCATOR","OPEN—NO UAT/ACCEPTANCE/G9 PROMOTION","Enterprise Supplier Relationship Management","Detailed source inspected: EM_CONSOLIDATED_REQUIREMENTS_Ch464_BRD_SRS_HLD_LLD working baseline, §3 requirement matrix and §5 domain evidence. REQ-46401–46406 map to SRS-FR-2329–2334; candidate HLD-464-CAP-01..06; supporting LLD components XX01 CMP-008/007, XX02 CMP-003/004/005, XX03 CMP-007/010, XX04 CMP-017, XX05 CMP-009/010, XX06 CMP-016/014. Source explicitly says exact approved HLD/LLD locators OPEN and DATA/API/EVENT pending. Domain model: Supplier Profile with Scorecard, Risk Assessment, Compliance Record, CAPA, Contract Obligation, Business Review, Supplier Incident, AI Recommendation. This is useful design context but working baseline, not approval; no exact contract joins promoted."
"464","REQ-46405","SRS-FR-2333","TRC-46405","XX05","Support controlled exception handling","DOMAIN_CONTEXT_AND_COMPONENT_CANDIDATES_RECOVERED_NOT_APPROVED","NOT_PROMOTED—EXACT LOCATOR/APPROVAL REQUIRED","SUPPORTING DESIGN ONLY—EXACT LOCATOR/APPROVAL REQUIRED","NOT FULLY PROMOTED—VALIDATE APPLICABILITY/LOCATOR","NOT FULLY PROMOTED—VALIDATE APPLICABILITY/LOCATOR","NOT FULLY PROMOTED—VALIDATE APPLICABILITY/LOCATOR","OPEN—NO UAT/ACCEPTANCE/G9 PROMOTION","Enterprise Supplier Relationship Management","Detailed source inspected: EM_CONSOLIDATED_REQUIREMENTS_Ch464_BRD_SRS_HLD_LLD working baseline, §3 requirement matrix and §5 domain evidence. REQ-46401–46406 map to SRS-FR-2329–2334; candidate HLD-464-CAP-01..06; supporting LLD components XX01 CMP-008/007, XX02 CMP-003/004/005, XX03 CMP-007/010, XX04 CMP-017, XX05 CMP-009/010, XX06 CMP-016/014. Source explicitly says exact approved HLD/LLD locators OPEN and DATA/API/EVENT pending. Domain model: Supplier Profile with Scorecard, Risk Assessment, Compliance Record, CAPA, Contract Obligation, Business Review, Supplier Incident, AI Recommendation. This is useful design context but working baseline, not approval; no exact contract joins promoted."
"464","REQ-46406","SRS-FR-2334","TRC-46406","XX06","Provide governed reporting for status, exceptions and performance","DOMAIN_CONTEXT_AND_COMPONENT_CANDIDATES_RECOVERED_NOT_APPROVED","NOT_PROMOTED—EXACT LOCATOR/APPROVAL REQUIRED","SUPPORTING DESIGN ONLY—EXACT LOCATOR/APPROVAL REQUIRED","NOT FULLY PROMOTED—VALIDATE APPLICABILITY/LOCATOR","NOT FULLY PROMOTED—VALIDATE APPLICABILITY/LOCATOR","NOT FULLY PROMOTED—VALIDATE APPLICABILITY/LOCATOR","OPEN—NO UAT/ACCEPTANCE/G9 PROMOTION","Enterprise Supplier Relationship Management","Detailed source inspected: EM_CONSOLIDATED_REQUIREMENTS_Ch464_BRD_SRS_HLD_LLD working baseline, §3 requirement matrix and §5 domain evidence. REQ-46401–46406 map to SRS-FR-2329–2334; candidate HLD-464-CAP-01..06; supporting LLD components XX01 CMP-008/007, XX02 CMP-003/004/005, XX03 CMP-007/010, XX04 CMP-017, XX05 CMP-009/010, XX06 CMP-016/014. Source explicitly says exact approved HLD/LLD locators OPEN and DATA/API/EVENT pending. Domain model: Supplier Profile with Scorecard, Risk Assessment, Compliance Record, CAPA, Contract Obligation, Business Review, Supplier Incident, AI Recommendation. This is useful design context but working baseline, not approval; no exact contract joins promoted."
"465","REQ-46501","SRS-FR-2335","TRC-46501","XX01","Maintain authoritative records and lifecycle history","DOMAIN_MODEL_AND_CANDIDATE_MAPPINGS_RECOVERED_NOT_APPROVED","NOT_PROMOTED—EXACT LOCATOR/APPROVAL REQUIRED","SUPPORTING DESIGN ONLY—EXACT LOCATOR/APPROVAL REQUIRED","NOT FULLY PROMOTED—VALIDATE APPLICABILITY/LOCATOR","NOT FULLY PROMOTED—VALIDATE APPLICABILITY/LOCATOR","NOT FULLY PROMOTED—VALIDATE APPLICABILITY/LOCATOR","OPEN—NO UAT/ACCEPTANCE/G9 PROMOTION","Inventory / Warehouse / Stock Management","Detailed source recovered from EM_CONSOLIDATED_REQUIREMENTS_Ch465_BRD_SRS_HLD_LLD_v0.1_REQ46501 through v0.6_REQ46506. Domain: Enterprise Inventory, Warehouse & Stock Management. Source model: Item/SKU, Warehouse Location, Inventory Balance, Reservation, Inventory Transaction, Lot/Batch, Serial, Count, Adjustment, AI Recommendation; Inventory domain services own authoritative stock state; search/cache/analytics are derived views. SRS mapping: REQ-46501→2335, 46502→2336, 46503→2337, 46504→2338, 46505→2339, 46506→2340. Candidate HLD-CAND-465-01 / HLD-CAP-01; LLD supporting components pattern XX01 only; exact approved HLD/LLD locator and DATA/API/EVENT schema/contract or approved N/A remain OPEN. Working baseline, not approval."
"465","REQ-46502","SRS-FR-2336","TRC-46502","XX02","Enforce role-based authorization before material actions","DOMAIN_MODEL_AND_CANDIDATE_MAPPINGS_RECOVERED_NOT_APPROVED","NOT_PROMOTED—EXACT LOCATOR/APPROVAL REQUIRED","SUPPORTING DESIGN ONLY—EXACT LOCATOR/APPROVAL REQUIRED","NOT FULLY PROMOTED—VALIDATE APPLICABILITY/LOCATOR","NOT FULLY PROMOTED—VALIDATE APPLICABILITY/LOCATOR","NOT FULLY PROMOTED—VALIDATE APPLICABILITY/LOCATOR","OPEN—NO UAT/ACCEPTANCE/G9 PROMOTION","Inventory / Warehouse / Stock Management","Detailed source recovered from EM_CONSOLIDATED_REQUIREMENTS_Ch465_BRD_SRS_HLD_LLD_v0.1_REQ46501 through v0.6_REQ46506. Domain: Enterprise Inventory, Warehouse & Stock Management. Source model: Item/SKU, Warehouse Location, Inventory Balance, Reservation, Inventory Transaction, Lot/Batch, Serial, Count, Adjustment, AI Recommendation; Inventory domain services own authoritative stock state; search/cache/analytics are derived views. SRS mapping: REQ-46501→2335, 46502→2336, 46503→2337, 46504→2338, 46505→2339, 46506→2340. Candidate HLD-CAND-465-02 / HLD-CAP-02; LLD supporting components pattern XX02 only; exact approved HLD/LLD locator and DATA/API/EVENT schema/contract or approved N/A remain OPEN. Working baseline, not approval."
"465","REQ-46503","SRS-FR-2337","TRC-46503","XX03","Validate mandatory business conditions before material changes","DOMAIN_MODEL_AND_CANDIDATE_MAPPINGS_RECOVERED_NOT_APPROVED","NOT_PROMOTED—EXACT LOCATOR/APPROVAL REQUIRED","SUPPORTING DESIGN ONLY—EXACT LOCATOR/APPROVAL REQUIRED","NOT FULLY PROMOTED—VALIDATE APPLICABILITY/LOCATOR","NOT FULLY PROMOTED—VALIDATE APPLICABILITY/LOCATOR","NOT FULLY PROMOTED—VALIDATE APPLICABILITY/LOCATOR","OPEN—NO UAT/ACCEPTANCE/G9 PROMOTION","Inventory / Warehouse / Stock Management","Detailed source recovered from EM_CONSOLIDATED_REQUIREMENTS_Ch465_BRD_SRS_HLD_LLD_v0.1_REQ46501 through v0.6_REQ46506. Domain: Enterprise Inventory, Warehouse & Stock Management. Source model: Item/SKU, Warehouse Location, Inventory Balance, Reservation, Inventory Transaction, Lot/Batch, Serial, Count, Adjustment, AI Recommendation; Inventory domain services own authoritative stock state; search/cache/analytics are derived views. SRS mapping: REQ-46501→2335, 46502→2336, 46503→2337, 46504→2338, 46505→2339, 46506→2340. Candidate HLD-CAND-465-03 / HLD-CAP-04; LLD supporting components pattern XX03 only; exact approved HLD/LLD locator and DATA/API/EVENT schema/contract or approved N/A remain OPEN. Working baseline, not approval."
"465","REQ-46504","SRS-FR-2338","TRC-46504","XX04","Preserve audit evidence for material events","DOMAIN_MODEL_AND_CANDIDATE_MAPPINGS_RECOVERED_NOT_APPROVED","NOT_PROMOTED—EXACT LOCATOR/APPROVAL REQUIRED","SUPPORTING DESIGN ONLY—EXACT LOCATOR/APPROVAL REQUIRED","NOT FULLY PROMOTED—VALIDATE APPLICABILITY/LOCATOR","NOT FULLY PROMOTED—VALIDATE APPLICABILITY/LOCATOR","NOT FULLY PROMOTED—VALIDATE APPLICABILITY/LOCATOR","OPEN—NO UAT/ACCEPTANCE/G9 PROMOTION","Inventory / Warehouse / Stock Management","Detailed source recovered from EM_CONSOLIDATED_REQUIREMENTS_Ch465_BRD_SRS_HLD_LLD_v0.1_REQ46501 through v0.6_REQ46506. Domain: Enterprise Inventory, Warehouse & Stock Management. Source model: Item/SKU, Warehouse Location, Inventory Balance, Reservation, Inventory Transaction, Lot/Batch, Serial, Count, Adjustment, AI Recommendation; Inventory domain services own authoritative stock state; search/cache/analytics are derived views. SRS mapping: REQ-46501→2335, 46502→2336, 46503→2337, 46504→2338, 46505→2339, 46506→2340. Candidate HLD-CAND-465-04 / HLD-CAP-05; LLD supporting components pattern XX04 only; exact approved HLD/LLD locator and DATA/API/EVENT schema/contract or approved N/A remain OPEN. Working baseline, not approval."
"465","REQ-46505","SRS-FR-2339","TRC-46505","XX05","Support controlled exception handling","DOMAIN_MODEL_AND_CANDIDATE_MAPPINGS_RECOVERED_NOT_APPROVED","NOT_PROMOTED—EXACT LOCATOR/APPROVAL REQUIRED","SUPPORTING DESIGN ONLY—EXACT LOCATOR/APPROVAL REQUIRED","NOT FULLY PROMOTED—VALIDATE APPLICABILITY/LOCATOR","NOT FULLY PROMOTED—VALIDATE APPLICABILITY/LOCATOR","NOT FULLY PROMOTED—VALIDATE APPLICABILITY/LOCATOR","OPEN—NO UAT/ACCEPTANCE/G9 PROMOTION","Inventory / Warehouse / Stock Management","Detailed source recovered from EM_CONSOLIDATED_REQUIREMENTS_Ch465_BRD_SRS_HLD_LLD_v0.1_REQ46501 through v0.6_REQ46506. Domain: Enterprise Inventory, Warehouse & Stock Management. Source model: Item/SKU, Warehouse Location, Inventory Balance, Reservation, Inventory Transaction, Lot/Batch, Serial, Count, Adjustment, AI Recommendation; Inventory domain services own authoritative stock state; search/cache/analytics are derived views. SRS mapping: REQ-46501→2335, 46502→2336, 46503→2337, 46504→2338, 46505→2339, 46506→2340. Candidate HLD-CAND-465-05 / HLD-CAP-06; LLD supporting components pattern XX05 only; exact approved HLD/LLD locator and DATA/API/EVENT schema/contract or approved N/A remain OPEN. Working baseline, not approval."
"465","REQ-46506","SRS-FR-2340","TRC-46506","XX06","Provide governed reporting for status, exceptions and performance","DOMAIN_MODEL_AND_CANDIDATE_MAPPINGS_RECOVERED_NOT_APPROVED","NOT_PROMOTED—EXACT LOCATOR/APPROVAL REQUIRED","SUPPORTING DESIGN ONLY—EXACT LOCATOR/APPROVAL REQUIRED","NOT FULLY PROMOTED—VALIDATE APPLICABILITY/LOCATOR","NOT FULLY PROMOTED—VALIDATE APPLICABILITY/LOCATOR","NOT FULLY PROMOTED—VALIDATE APPLICABILITY/LOCATOR","OPEN—NO UAT/ACCEPTANCE/G9 PROMOTION","Inventory / Warehouse / Stock Management","Detailed source recovered from EM_CONSOLIDATED_REQUIREMENTS_Ch465_BRD_SRS_HLD_LLD_v0.1_REQ46501 through v0.6_REQ46506. Domain: Enterprise Inventory, Warehouse & Stock Management. Source model: Item/SKU, Warehouse Location, Inventory Balance, Reservation, Inventory Transaction, Lot/Batch, Serial, Count, Adjustment, AI Recommendation; Inventory domain services own authoritative stock state; search/cache/analytics are derived views. SRS mapping: REQ-46501→2335, 46502→2336, 46503→2337, 46504→2338, 46505→2339, 46506→2340. Candidate HLD-CAND-465-06 / HLD-CAP-07; LLD supporting components pattern XX06 only; exact approved HLD/LLD locator and DATA/API/EVENT schema/contract or approved N/A remain OPEN. Working baseline, not approval."
"466","REQ-46601","SRS-FR-2341","TRC-46601","XX01","Maintain authoritative records and lifecycle history","DOMAIN_MODEL_AND_CANDIDATE_MAPPINGS_RECOVERED_NOT_APPROVED","NOT_PROMOTED—EXACT LOCATOR/APPROVAL REQUIRED","SUPPORTING DESIGN ONLY—EXACT LOCATOR/APPROVAL REQUIRED","NOT FULLY PROMOTED—VALIDATE APPLICABILITY/LOCATOR","NOT FULLY PROMOTED—VALIDATE APPLICABILITY/LOCATOR","NOT FULLY PROMOTED—VALIDATE APPLICABILITY/LOCATOR","OPEN—NO UAT/ACCEPTANCE/G9 PROMOTION","Enterprise Order Management — Sales Order, Fulfillment, Allocation, Pricing, Shipping & Returns","Source: EM-BRD-001 Volume-XIII Chapter-466 Order Management traceability matrix §466.36–466.38 plus EM_CONSOLIDATED_REQUIREMENTS_Ch466 v0.2–v0.6. Core objects: Order, Order Line, Allocation, Shipment, Delivery, Return Authorization, Refund/Credit, Order Exception, AI Recommendation. SRS map REQ-46601–46606 → SRS-FR-2341–2346. Candidate HLD-CAND-466-01..06 / HLD-466-CAP-01..06; supporting LLD patterns: XX01 CMP-008/007; XX02 CMP-003/004/005; XX03 CMP-007/010; XX04 CMP-017; XX05 CMP-009/010; XX06 CMP-016/014. Exact approved HLD/LLD locators, formal baseline approval and DATA/API/EVENT schema/contract or approved N/A remain OPEN. No candidate promoted."
"466","REQ-46602","SRS-FR-2342","TRC-46602","XX02","Enforce role-based authorization before material actions","DOMAIN_MODEL_AND_CANDIDATE_MAPPINGS_RECOVERED_NOT_APPROVED","NOT_PROMOTED—EXACT LOCATOR/APPROVAL REQUIRED","SUPPORTING DESIGN ONLY—EXACT LOCATOR/APPROVAL REQUIRED","NOT FULLY PROMOTED—VALIDATE APPLICABILITY/LOCATOR","NOT FULLY PROMOTED—VALIDATE APPLICABILITY/LOCATOR","NOT FULLY PROMOTED—VALIDATE APPLICABILITY/LOCATOR","OPEN—NO UAT/ACCEPTANCE/G9 PROMOTION","Enterprise Order Management — Sales Order, Fulfillment, Allocation, Pricing, Shipping & Returns","Source: EM-BRD-001 Volume-XIII Chapter-466 Order Management traceability matrix §466.36–466.38 plus EM_CONSOLIDATED_REQUIREMENTS_Ch466 v0.2–v0.6. Core objects: Order, Order Line, Allocation, Shipment, Delivery, Return Authorization, Refund/Credit, Order Exception, AI Recommendation. SRS map REQ-46601–46606 → SRS-FR-2341–2346. Candidate HLD-CAND-466-01..06 / HLD-466-CAP-01..06; supporting LLD patterns: XX01 CMP-008/007; XX02 CMP-003/004/005; XX03 CMP-007/010; XX04 CMP-017; XX05 CMP-009/010; XX06 CMP-016/014. Exact approved HLD/LLD locators, formal baseline approval and DATA/API/EVENT schema/contract or approved N/A remain OPEN. No candidate promoted."
"466","REQ-46603","SRS-FR-2343","TRC-46603","XX03","Validate mandatory business conditions before material changes","DOMAIN_MODEL_AND_CANDIDATE_MAPPINGS_RECOVERED_NOT_APPROVED","NOT_PROMOTED—EXACT LOCATOR/APPROVAL REQUIRED","SUPPORTING DESIGN ONLY—EXACT LOCATOR/APPROVAL REQUIRED","NOT FULLY PROMOTED—VALIDATE APPLICABILITY/LOCATOR","NOT FULLY PROMOTED—VALIDATE APPLICABILITY/LOCATOR","NOT FULLY PROMOTED—VALIDATE APPLICABILITY/LOCATOR","OPEN—NO UAT/ACCEPTANCE/G9 PROMOTION","Enterprise Order Management — Sales Order, Fulfillment, Allocation, Pricing, Shipping & Returns","Source: EM-BRD-001 Volume-XIII Chapter-466 Order Management traceability matrix §466.36–466.38 plus EM_CONSOLIDATED_REQUIREMENTS_Ch466 v0.2–v0.6. Core objects: Order, Order Line, Allocation, Shipment, Delivery, Return Authorization, Refund/Credit, Order Exception, AI Recommendation. SRS map REQ-46601–46606 → SRS-FR-2341–2346. Candidate HLD-CAND-466-01..06 / HLD-466-CAP-01..06; supporting LLD patterns: XX01 CMP-008/007; XX02 CMP-003/004/005; XX03 CMP-007/010; XX04 CMP-017; XX05 CMP-009/010; XX06 CMP-016/014. Exact approved HLD/LLD locators, formal baseline approval and DATA/API/EVENT schema/contract or approved N/A remain OPEN. No candidate promoted."
"466","REQ-46604","SRS-FR-2344","TRC-46604","XX04","Preserve audit evidence for material events","DOMAIN_MODEL_AND_CANDIDATE_MAPPINGS_RECOVERED_NOT_APPROVED","NOT_PROMOTED—EXACT LOCATOR/APPROVAL REQUIRED","SUPPORTING DESIGN ONLY—EXACT LOCATOR/APPROVAL REQUIRED","NOT FULLY PROMOTED—VALIDATE APPLICABILITY/LOCATOR","NOT FULLY PROMOTED—VALIDATE APPLICABILITY/LOCATOR","NOT FULLY PROMOTED—VALIDATE APPLICABILITY/LOCATOR","OPEN—NO UAT/ACCEPTANCE/G9 PROMOTION","Enterprise Order Management — Sales Order, Fulfillment, Allocation, Pricing, Shipping & Returns","Source: EM-BRD-001 Volume-XIII Chapter-466 Order Management traceability matrix §466.36–466.38 plus EM_CONSOLIDATED_REQUIREMENTS_Ch466 v0.2–v0.6. Core objects: Order, Order Line, Allocation, Shipment, Delivery, Return Authorization, Refund/Credit, Order Exception, AI Recommendation. SRS map REQ-46601–46606 → SRS-FR-2341–2346. Candidate HLD-CAND-466-01..06 / HLD-466-CAP-01..06; supporting LLD patterns: XX01 CMP-008/007; XX02 CMP-003/004/005; XX03 CMP-007/010; XX04 CMP-017; XX05 CMP-009/010; XX06 CMP-016/014. Exact approved HLD/LLD locators, formal baseline approval and DATA/API/EVENT schema/contract or approved N/A remain OPEN. No candidate promoted."
"466","REQ-46605","SRS-FR-2345","TRC-46605","XX05","Support controlled exception handling","DOMAIN_MODEL_AND_CANDIDATE_MAPPINGS_RECOVERED_NOT_APPROVED","NOT_PROMOTED—EXACT LOCATOR/APPROVAL REQUIRED","SUPPORTING DESIGN ONLY—EXACT LOCATOR/APPROVAL REQUIRED","NOT FULLY PROMOTED—VALIDATE APPLICABILITY/LOCATOR","NOT FULLY PROMOTED—VALIDATE APPLICABILITY/LOCATOR","NOT FULLY PROMOTED—VALIDATE APPLICABILITY/LOCATOR","OPEN—NO UAT/ACCEPTANCE/G9 PROMOTION","Enterprise Order Management — Sales Order, Fulfillment, Allocation, Pricing, Shipping & Returns","Source: EM-BRD-001 Volume-XIII Chapter-466 Order Management traceability matrix §466.36–466.38 plus EM_CONSOLIDATED_REQUIREMENTS_Ch466 v0.2–v0.6. Core objects: Order, Order Line, Allocation, Shipment, Delivery, Return Authorization, Refund/Credit, Order Exception, AI Recommendation. SRS map REQ-46601–46606 → SRS-FR-2341–2346. Candidate HLD-CAND-466-01..06 / HLD-466-CAP-01..06; supporting LLD patterns: XX01 CMP-008/007; XX02 CMP-003/004/005; XX03 CMP-007/010; XX04 CMP-017; XX05 CMP-009/010; XX06 CMP-016/014. Exact approved HLD/LLD locators, formal baseline approval and DATA/API/EVENT schema/contract or approved N/A remain OPEN. No candidate promoted."
"466","REQ-46606","SRS-FR-2346","TRC-46606","XX06","Provide governed reporting for status, exceptions and performance","DOMAIN_MODEL_AND_CANDIDATE_MAPPINGS_RECOVERED_NOT_APPROVED","NOT_PROMOTED—EXACT LOCATOR/APPROVAL REQUIRED","SUPPORTING DESIGN ONLY—EXACT LOCATOR/APPROVAL REQUIRED","NOT FULLY PROMOTED—VALIDATE APPLICABILITY/LOCATOR","NOT FULLY PROMOTED—VALIDATE APPLICABILITY/LOCATOR","NOT FULLY PROMOTED—VALIDATE APPLICABILITY/LOCATOR","OPEN—NO UAT/ACCEPTANCE/G9 PROMOTION","Enterprise Order Management — Sales Order, Fulfillment, Allocation, Pricing, Shipping & Returns","Source: EM-BRD-001 Volume-XIII Chapter-466 Order Management traceability matrix §466.36–466.38 plus EM_CONSOLIDATED_REQUIREMENTS_Ch466 v0.2–v0.6. Core objects: Order, Order Line, Allocation, Shipment, Delivery, Return Authorization, Refund/Credit, Order Exception, AI Recommendation. SRS map REQ-46601–46606 → SRS-FR-2341–2346. Candidate HLD-CAND-466-01..06 / HLD-466-CAP-01..06; supporting LLD patterns: XX01 CMP-008/007; XX02 CMP-003/004/005; XX03 CMP-007/010; XX04 CMP-017; XX05 CMP-009/010; XX06 CMP-016/014. Exact approved HLD/LLD locators, formal baseline approval and DATA/API/EVENT schema/contract or approved N/A remain OPEN. No candidate promoted."
"467","REQ-46701","SRS-FR-2347","TRC-46701","XX01","Maintain authoritative records and lifecycle history","DOMAIN_MODEL_AND_CANDIDATE_MAPPINGS_RECOVERED_NOT_APPROVED","NOT_PROMOTED—EXACT LOCATOR/APPROVAL REQUIRED","SUPPORTING DESIGN ONLY—EXACT LOCATOR/APPROVAL REQUIRED","NOT FULLY PROMOTED—VALIDATE APPLICABILITY/LOCATOR","NOT FULLY PROMOTED—VALIDATE APPLICABILITY/LOCATOR","NOT FULLY PROMOTED—VALIDATE APPLICABILITY/LOCATOR","OPEN—NO UAT/ACCEPTANCE/G9 PROMOTION","Enterprise Logistics, Transportation, Freight, Carrier Management & Delivery Traceability","Source: EM_CONSOLIDATED_REQUIREMENTS_Ch467 v0.1–v0.6; EM-BRD-001 Chapter 467 exact-reference recovery v1.1. Domain objects: Transportation Order, Load/Consolidation, Carrier Tender, Shipment Tracking, Delivery, Freight Invoice, Claim, Carrier Scorecard, AI Recommendation. SRS map REQ-46701–46706 → SRS-FR-2347–2352. Candidate HLD-CAND-467-01..06/HLD-CAP references and supporting LLD patterns recorded only; exact approved HLD/LLD locators remain NOT EVIDENCED/OPEN, DATA/API/EVENT contracts or approved N/A OPEN, baseline/approval OPEN. No candidate promoted."
"467","REQ-46702","SRS-FR-2348","TRC-46702","XX02","Enforce role-based authorization before material actions","DOMAIN_MODEL_AND_CANDIDATE_MAPPINGS_RECOVERED_NOT_APPROVED","NOT_PROMOTED—EXACT LOCATOR/APPROVAL REQUIRED","SUPPORTING DESIGN ONLY—EXACT LOCATOR/APPROVAL REQUIRED","NOT FULLY PROMOTED—VALIDATE APPLICABILITY/LOCATOR","NOT FULLY PROMOTED—VALIDATE APPLICABILITY/LOCATOR","NOT FULLY PROMOTED—VALIDATE APPLICABILITY/LOCATOR","OPEN—NO UAT/ACCEPTANCE/G9 PROMOTION","Enterprise Logistics, Transportation, Freight, Carrier Management & Delivery Traceability","Source: EM_CONSOLIDATED_REQUIREMENTS_Ch467 v0.1–v0.6; EM-BRD-001 Chapter 467 exact-reference recovery v1.1. Domain objects: Transportation Order, Load/Consolidation, Carrier Tender, Shipment Tracking, Delivery, Freight Invoice, Claim, Carrier Scorecard, AI Recommendation. SRS map REQ-46701–46706 → SRS-FR-2347–2352. Candidate HLD-CAND-467-01..06/HLD-CAP references and supporting LLD patterns recorded only; exact approved HLD/LLD locators remain NOT EVIDENCED/OPEN, DATA/API/EVENT contracts or approved N/A OPEN, baseline/approval OPEN. No candidate promoted."
"467","REQ-46703","SRS-FR-2349","TRC-46703","XX03","Validate mandatory business conditions before material changes","DOMAIN_MODEL_AND_CANDIDATE_MAPPINGS_RECOVERED_NOT_APPROVED","NOT_PROMOTED—EXACT LOCATOR/APPROVAL REQUIRED","SUPPORTING DESIGN ONLY—EXACT LOCATOR/APPROVAL REQUIRED","NOT FULLY PROMOTED—VALIDATE APPLICABILITY/LOCATOR","NOT FULLY PROMOTED—VALIDATE APPLICABILITY/LOCATOR","NOT FULLY PROMOTED—VALIDATE APPLICABILITY/LOCATOR","OPEN—NO UAT/ACCEPTANCE/G9 PROMOTION","Enterprise Logistics, Transportation, Freight, Carrier Management & Delivery Traceability","Source: EM_CONSOLIDATED_REQUIREMENTS_Ch467 v0.1–v0.6; EM-BRD-001 Chapter 467 exact-reference recovery v1.1. Domain objects: Transportation Order, Load/Consolidation, Carrier Tender, Shipment Tracking, Delivery, Freight Invoice, Claim, Carrier Scorecard, AI Recommendation. SRS map REQ-46701–46706 → SRS-FR-2347–2352. Candidate HLD-CAND-467-01..06/HLD-CAP references and supporting LLD patterns recorded only; exact approved HLD/LLD locators remain NOT EVIDENCED/OPEN, DATA/API/EVENT contracts or approved N/A OPEN, baseline/approval OPEN. No candidate promoted."
"467","REQ-46704","SRS-FR-2350","TRC-46704","XX04","Preserve audit evidence for material events","DOMAIN_MODEL_AND_CANDIDATE_MAPPINGS_RECOVERED_NOT_APPROVED","NOT_PROMOTED—EXACT LOCATOR/APPROVAL REQUIRED","SUPPORTING DESIGN ONLY—EXACT LOCATOR/APPROVAL REQUIRED","NOT FULLY PROMOTED—VALIDATE APPLICABILITY/LOCATOR","NOT FULLY PROMOTED—VALIDATE APPLICABILITY/LOCATOR","NOT FULLY PROMOTED—VALIDATE APPLICABILITY/LOCATOR","OPEN—NO UAT/ACCEPTANCE/G9 PROMOTION","Enterprise Logistics, Transportation, Freight, Carrier Management & Delivery Traceability","Source: EM_CONSOLIDATED_REQUIREMENTS_Ch467 v0.1–v0.6; EM-BRD-001 Chapter 467 exact-reference recovery v1.1. Domain objects: Transportation Order, Load/Consolidation, Carrier Tender, Shipment Tracking, Delivery, Freight Invoice, Claim, Carrier Scorecard, AI Recommendation. SRS map REQ-46701–46706 → SRS-FR-2347–2352. Candidate HLD-CAND-467-01..06/HLD-CAP references and supporting LLD patterns recorded only; exact approved HLD/LLD locators remain NOT EVIDENCED/OPEN, DATA/API/EVENT contracts or approved N/A OPEN, baseline/approval OPEN. No candidate promoted."
"467","REQ-46705","SRS-FR-2351","TRC-46705","XX05","Support controlled exception handling","DOMAIN_MODEL_AND_CANDIDATE_MAPPINGS_RECOVERED_NOT_APPROVED","NOT_PROMOTED—EXACT LOCATOR/APPROVAL REQUIRED","SUPPORTING DESIGN ONLY—EXACT LOCATOR/APPROVAL REQUIRED","NOT FULLY PROMOTED—VALIDATE APPLICABILITY/LOCATOR","NOT FULLY PROMOTED—VALIDATE APPLICABILITY/LOCATOR","NOT FULLY PROMOTED—VALIDATE APPLICABILITY/LOCATOR","OPEN—NO UAT/ACCEPTANCE/G9 PROMOTION","Enterprise Logistics, Transportation, Freight, Carrier Management & Delivery Traceability","Source: EM_CONSOLIDATED_REQUIREMENTS_Ch467 v0.1–v0.6; EM-BRD-001 Chapter 467 exact-reference recovery v1.1. Domain objects: Transportation Order, Load/Consolidation, Carrier Tender, Shipment Tracking, Delivery, Freight Invoice, Claim, Carrier Scorecard, AI Recommendation. SRS map REQ-46701–46706 → SRS-FR-2347–2352. Candidate HLD-CAND-467-01..06/HLD-CAP references and supporting LLD patterns recorded only; exact approved HLD/LLD locators remain NOT EVIDENCED/OPEN, DATA/API/EVENT contracts or approved N/A OPEN, baseline/approval OPEN. No candidate promoted."
"467","REQ-46706","SRS-FR-2352","TRC-46706","XX06","Provide governed reporting for status, exceptions and performance","DOMAIN_MODEL_AND_CANDIDATE_MAPPINGS_RECOVERED_NOT_APPROVED","NOT_PROMOTED—EXACT LOCATOR/APPROVAL REQUIRED","SUPPORTING DESIGN ONLY—EXACT LOCATOR/APPROVAL REQUIRED","NOT FULLY PROMOTED—VALIDATE APPLICABILITY/LOCATOR","NOT FULLY PROMOTED—VALIDATE APPLICABILITY/LOCATOR","NOT FULLY PROMOTED—VALIDATE APPLICABILITY/LOCATOR","OPEN—NO UAT/ACCEPTANCE/G9 PROMOTION","Enterprise Logistics, Transportation, Freight, Carrier Management & Delivery Traceability","Source: EM_CONSOLIDATED_REQUIREMENTS_Ch467 v0.1–v0.6; EM-BRD-001 Chapter 467 exact-reference recovery v1.1. Domain objects: Transportation Order, Load/Consolidation, Carrier Tender, Shipment Tracking, Delivery, Freight Invoice, Claim, Carrier Scorecard, AI Recommendation. SRS map REQ-46701–46706 → SRS-FR-2347–2352. Candidate HLD-CAND-467-01..06/HLD-CAP references and supporting LLD patterns recorded only; exact approved HLD/LLD locators remain NOT EVIDENCED/OPEN, DATA/API/EVENT contracts or approved N/A OPEN, baseline/approval OPEN. No candidate promoted."
"468","REQ-46801","SRS-FR-2353","TRC-46801","XX01","Maintain authoritative records and lifecycle history","DOMAIN_MODEL_AND_CANDIDATE_MAPPINGS_RECOVERED_NOT_APPROVED","NOT_PROMOTED—EXACT LOCATOR/APPROVAL REQUIRED","SUPPORTING DESIGN ONLY—EXACT LOCATOR/APPROVAL REQUIRED","NOT FULLY PROMOTED—VALIDATE APPLICABILITY/LOCATOR","NOT FULLY PROMOTED—VALIDATE APPLICABILITY/LOCATOR","NOT FULLY PROMOTED—VALIDATE APPLICABILITY/LOCATOR","OPEN—NO UAT/ACCEPTANCE/G9 PROMOTION","Enterprise Manufacturing, Production Planning, Scheduling, Shop Floor Execution & Traceability","Sources: EM_CONSOLIDATED_REQUIREMENTS_Ch468 v0.1–v0.6; Chapter_468_HLD-LLD_Recovery_Master_v1.0; exact-reference reconciliations v1.1. REQ-46801–46806 map to SRS-FR-2353–2358. Candidate domain covers authoritative manufacturing records/lifecycle, role authorization, validation/rules, audit evidence, controlled exceptions/recovery, governed reporting. Candidate HLD-CAND-468-01..06 and LLD-CMP patterns remain candidate/supporting only. Exact approved HLD and LLD locators 0/6 evidenced; HLD→LLD pairs open; DATA/API/EVENT contracts or approved N/A, baseline and approval evidence pending. No UAT/acceptance promoted."
"468","REQ-46802","SRS-FR-2354","TRC-46802","XX02","Enforce role-based authorization before material actions","DOMAIN_MODEL_AND_CANDIDATE_MAPPINGS_RECOVERED_NOT_APPROVED","NOT_PROMOTED—EXACT LOCATOR/APPROVAL REQUIRED","SUPPORTING DESIGN ONLY—EXACT LOCATOR/APPROVAL REQUIRED","NOT FULLY PROMOTED—VALIDATE APPLICABILITY/LOCATOR","NOT FULLY PROMOTED—VALIDATE APPLICABILITY/LOCATOR","NOT FULLY PROMOTED—VALIDATE APPLICABILITY/LOCATOR","OPEN—NO UAT/ACCEPTANCE/G9 PROMOTION","Enterprise Manufacturing, Production Planning, Scheduling, Shop Floor Execution & Traceability","Sources: EM_CONSOLIDATED_REQUIREMENTS_Ch468 v0.1–v0.6; Chapter_468_HLD-LLD_Recovery_Master_v1.0; exact-reference reconciliations v1.1. REQ-46801–46806 map to SRS-FR-2353–2358. Candidate domain covers authoritative manufacturing records/lifecycle, role authorization, validation/rules, audit evidence, controlled exceptions/recovery, governed reporting. Candidate HLD-CAND-468-01..06 and LLD-CMP patterns remain candidate/supporting only. Exact approved HLD and LLD locators 0/6 evidenced; HLD→LLD pairs open; DATA/API/EVENT contracts or approved N/A, baseline and approval evidence pending. No UAT/acceptance promoted."
"468","REQ-46803","SRS-FR-2355","TRC-46803","XX03","Validate mandatory business conditions before material changes","DOMAIN_MODEL_AND_CANDIDATE_MAPPINGS_RECOVERED_NOT_APPROVED","NOT_PROMOTED—EXACT LOCATOR/APPROVAL REQUIRED","SUPPORTING DESIGN ONLY—EXACT LOCATOR/APPROVAL REQUIRED","NOT FULLY PROMOTED—VALIDATE APPLICABILITY/LOCATOR","NOT FULLY PROMOTED—VALIDATE APPLICABILITY/LOCATOR","NOT FULLY PROMOTED—VALIDATE APPLICABILITY/LOCATOR","OPEN—NO UAT/ACCEPTANCE/G9 PROMOTION","Enterprise Manufacturing, Production Planning, Scheduling, Shop Floor Execution & Traceability","Sources: EM_CONSOLIDATED_REQUIREMENTS_Ch468 v0.1–v0.6; Chapter_468_HLD-LLD_Recovery_Master_v1.0; exact-reference reconciliations v1.1. REQ-46801–46806 map to SRS-FR-2353–2358. Candidate domain covers authoritative manufacturing records/lifecycle, role authorization, validation/rules, audit evidence, controlled exceptions/recovery, governed reporting. Candidate HLD-CAND-468-01..06 and LLD-CMP patterns remain candidate/supporting only. Exact approved HLD and LLD locators 0/6 evidenced; HLD→LLD pairs open; DATA/API/EVENT contracts or approved N/A, baseline and approval evidence pending. No UAT/acceptance promoted."
"468","REQ-46804","SRS-FR-2356","TRC-46804","XX04","Preserve audit evidence for material events","DOMAIN_MODEL_AND_CANDIDATE_MAPPINGS_RECOVERED_NOT_APPROVED","NOT_PROMOTED—EXACT LOCATOR/APPROVAL REQUIRED","SUPPORTING DESIGN ONLY—EXACT LOCATOR/APPROVAL REQUIRED","NOT FULLY PROMOTED—VALIDATE APPLICABILITY/LOCATOR","NOT FULLY PROMOTED—VALIDATE APPLICABILITY/LOCATOR","NOT FULLY PROMOTED—VALIDATE APPLICABILITY/LOCATOR","OPEN—NO UAT/ACCEPTANCE/G9 PROMOTION","Enterprise Manufacturing, Production Planning, Scheduling, Shop Floor Execution & Traceability","Sources: EM_CONSOLIDATED_REQUIREMENTS_Ch468 v0.1–v0.6; Chapter_468_HLD-LLD_Recovery_Master_v1.0; exact-reference reconciliations v1.1. REQ-46801–46806 map to SRS-FR-2353–2358. Candidate domain covers authoritative manufacturing records/lifecycle, role authorization, validation/rules, audit evidence, controlled exceptions/recovery, governed reporting. Candidate HLD-CAND-468-01..06 and LLD-CMP patterns remain candidate/supporting only. Exact approved HLD and LLD locators 0/6 evidenced; HLD→LLD pairs open; DATA/API/EVENT contracts or approved N/A, baseline and approval evidence pending. No UAT/acceptance promoted."
"468","REQ-46805","SRS-FR-2357","TRC-46805","XX05","Support controlled exception handling","DOMAIN_MODEL_AND_CANDIDATE_MAPPINGS_RECOVERED_NOT_APPROVED","NOT_PROMOTED—EXACT LOCATOR/APPROVAL REQUIRED","SUPPORTING DESIGN ONLY—EXACT LOCATOR/APPROVAL REQUIRED","NOT FULLY PROMOTED—VALIDATE APPLICABILITY/LOCATOR","NOT FULLY PROMOTED—VALIDATE APPLICABILITY/LOCATOR","NOT FULLY PROMOTED—VALIDATE APPLICABILITY/LOCATOR","OPEN—NO UAT/ACCEPTANCE/G9 PROMOTION","Enterprise Manufacturing, Production Planning, Scheduling, Shop Floor Execution & Traceability","Sources: EM_CONSOLIDATED_REQUIREMENTS_Ch468 v0.1–v0.6; Chapter_468_HLD-LLD_Recovery_Master_v1.0; exact-reference reconciliations v1.1. REQ-46801–46806 map to SRS-FR-2353–2358. Candidate domain covers authoritative manufacturing records/lifecycle, role authorization, validation/rules, audit evidence, controlled exceptions/recovery, governed reporting. Candidate HLD-CAND-468-01..06 and LLD-CMP patterns remain candidate/supporting only. Exact approved HLD and LLD locators 0/6 evidenced; HLD→LLD pairs open; DATA/API/EVENT contracts or approved N/A, baseline and approval evidence pending. No UAT/acceptance promoted."
"468","REQ-46806","SRS-FR-2358","TRC-46806","XX06","Provide governed reporting for status, exceptions and performance","DOMAIN_MODEL_AND_CANDIDATE_MAPPINGS_RECOVERED_NOT_APPROVED","NOT_PROMOTED—EXACT LOCATOR/APPROVAL REQUIRED","SUPPORTING DESIGN ONLY—EXACT LOCATOR/APPROVAL REQUIRED","NOT FULLY PROMOTED—VALIDATE APPLICABILITY/LOCATOR","NOT FULLY PROMOTED—VALIDATE APPLICABILITY/LOCATOR","NOT FULLY PROMOTED—VALIDATE APPLICABILITY/LOCATOR","OPEN—NO UAT/ACCEPTANCE/G9 PROMOTION","Enterprise Manufacturing, Production Planning, Scheduling, Shop Floor Execution & Traceability","Sources: EM_CONSOLIDATED_REQUIREMENTS_Ch468 v0.1–v0.6; Chapter_468_HLD-LLD_Recovery_Master_v1.0; exact-reference reconciliations v1.1. REQ-46801–46806 map to SRS-FR-2353–2358. Candidate domain covers authoritative manufacturing records/lifecycle, role authorization, validation/rules, audit evidence, controlled exceptions/recovery, governed reporting. Candidate HLD-CAND-468-01..06 and LLD-CMP patterns remain candidate/supporting only. Exact approved HLD and LLD locators 0/6 evidenced; HLD→LLD pairs open; DATA/API/EVENT contracts or approved N/A, baseline and approval evidence pending. No UAT/acceptance promoted."
"469","REQ-46901","SRS-FR-2359","TRC-46901","XX01","Maintain authoritative records and lifecycle history","DOMAIN_CONTEXT_NOT_EVIDENCED_BY_CHAPTER_SOURCE","NOT_PROMOTED—EXACT LOCATOR/APPROVAL REQUIRED","SUPPORTING DESIGN ONLY—EXACT LOCATOR/APPROVAL REQUIRED","NOT FULLY PROMOTED—VALIDATE APPLICABILITY/LOCATOR","NOT FULLY PROMOTED—VALIDATE APPLICABILITY/LOCATOR","NOT FULLY PROMOTED—VALIDATE APPLICABILITY/LOCATOR","OPEN—NO UAT/ACCEPTANCE/G9 PROMOTION","Chapter-specific domain not established in retrieved recovery sources","Sources: EM_CONSOLIDATED_REQUIREMENTS_Ch469 v0.1–v0.6; Chapter_469_HLD-LLD_Recovery_Master_v1.0; EM_HLD_LLD_EXACT_REFERENCE_RECONCILIATION_Ch469 v1.1. REQ-46901–46906 map to SRS-FR-2359–2364. Sources explicitly do not assert a Chapter 469 domain model or objects; do not infer one. Candidate HLD-CAND-469-01..06 and LLD-CMP pattern components are candidate/supporting only. Exact approved HLD/LLD locators 0/6 evidenced; DATA/API/EVENT contracts or approved N/A, baseline and approval remain pending. HOLD; no UAT/acceptance promoted."
"469","REQ-46902","SRS-FR-2360","TRC-46902","XX02","Enforce role-based authorization before material actions","DOMAIN_CONTEXT_NOT_EVIDENCED_BY_CHAPTER_SOURCE","NOT_PROMOTED—EXACT LOCATOR/APPROVAL REQUIRED","SUPPORTING DESIGN ONLY—EXACT LOCATOR/APPROVAL REQUIRED","NOT FULLY PROMOTED—VALIDATE APPLICABILITY/LOCATOR","NOT FULLY PROMOTED—VALIDATE APPLICABILITY/LOCATOR","NOT FULLY PROMOTED—VALIDATE APPLICABILITY/LOCATOR","OPEN—NO UAT/ACCEPTANCE/G9 PROMOTION","Chapter-specific domain not established in retrieved recovery sources","Sources: EM_CONSOLIDATED_REQUIREMENTS_Ch469 v0.1–v0.6; Chapter_469_HLD-LLD_Recovery_Master_v1.0; EM_HLD_LLD_EXACT_REFERENCE_RECONCILIATION_Ch469 v1.1. REQ-46901–46906 map to SRS-FR-2359–2364. Sources explicitly do not assert a Chapter 469 domain model or objects; do not infer one. Candidate HLD-CAND-469-01..06 and LLD-CMP pattern components are candidate/supporting only. Exact approved HLD/LLD locators 0/6 evidenced; DATA/API/EVENT contracts or approved N/A, baseline and approval remain pending. HOLD; no UAT/acceptance promoted."
"469","REQ-46903","SRS-FR-2361","TRC-46903","XX03","Validate mandatory business conditions before material changes","DOMAIN_CONTEXT_NOT_EVIDENCED_BY_CHAPTER_SOURCE","NOT_PROMOTED—EXACT LOCATOR/APPROVAL REQUIRED","SUPPORTING DESIGN ONLY—EXACT LOCATOR/APPROVAL REQUIRED","NOT FULLY PROMOTED—VALIDATE APPLICABILITY/LOCATOR","NOT FULLY PROMOTED—VALIDATE APPLICABILITY/LOCATOR","NOT FULLY PROMOTED—VALIDATE APPLICABILITY/LOCATOR","OPEN—NO UAT/ACCEPTANCE/G9 PROMOTION","Chapter-specific domain not established in retrieved recovery sources","Sources: EM_CONSOLIDATED_REQUIREMENTS_Ch469 v0.1–v0.6; Chapter_469_HLD-LLD_Recovery_Master_v1.0; EM_HLD_LLD_EXACT_REFERENCE_RECONCILIATION_Ch469 v1.1. REQ-46901–46906 map to SRS-FR-2359–2364. Sources explicitly do not assert a Chapter 469 domain model or objects; do not infer one. Candidate HLD-CAND-469-01..06 and LLD-CMP pattern components are candidate/supporting only. Exact approved HLD/LLD locators 0/6 evidenced; DATA/API/EVENT contracts or approved N/A, baseline and approval remain pending. HOLD; no UAT/acceptance promoted."
"469","REQ-46904","SRS-FR-2362","TRC-46904","XX04","Preserve audit evidence for material events","DOMAIN_CONTEXT_NOT_EVIDENCED_BY_CHAPTER_SOURCE","NOT_PROMOTED—EXACT LOCATOR/APPROVAL REQUIRED","SUPPORTING DESIGN ONLY—EXACT LOCATOR/APPROVAL REQUIRED","NOT FULLY PROMOTED—VALIDATE APPLICABILITY/LOCATOR","NOT FULLY PROMOTED—VALIDATE APPLICABILITY/LOCATOR","NOT FULLY PROMOTED—VALIDATE APPLICABILITY/LOCATOR","OPEN—NO UAT/ACCEPTANCE/G9 PROMOTION","Chapter-specific domain not established in retrieved recovery sources","Sources: EM_CONSOLIDATED_REQUIREMENTS_Ch469 v0.1–v0.6; Chapter_469_HLD-LLD_Recovery_Master_v1.0; EM_HLD_LLD_EXACT_REFERENCE_RECONCILIATION_Ch469 v1.1. REQ-46901–46906 map to SRS-FR-2359–2364. Sources explicitly do not assert a Chapter 469 domain model or objects; do not infer one. Candidate HLD-CAND-469-01..06 and LLD-CMP pattern components are candidate/supporting only. Exact approved HLD/LLD locators 0/6 evidenced; DATA/API/EVENT contracts or approved N/A, baseline and approval remain pending. HOLD; no UAT/acceptance promoted."
"469","REQ-46905","SRS-FR-2363","TRC-46905","XX05","Support controlled exception handling","DOMAIN_CONTEXT_NOT_EVIDENCED_BY_CHAPTER_SOURCE","NOT_PROMOTED—EXACT LOCATOR/APPROVAL REQUIRED","SUPPORTING DESIGN ONLY—EXACT LOCATOR/APPROVAL REQUIRED","NOT FULLY PROMOTED—VALIDATE APPLICABILITY/LOCATOR","NOT FULLY PROMOTED—VALIDATE APPLICABILITY/LOCATOR","NOT FULLY PROMOTED—VALIDATE APPLICABILITY/LOCATOR","OPEN—NO UAT/ACCEPTANCE/G9 PROMOTION","Chapter-specific domain not established in retrieved recovery sources","Sources: EM_CONSOLIDATED_REQUIREMENTS_Ch469 v0.1–v0.6; Chapter_469_HLD-LLD_Recovery_Master_v1.0; EM_HLD_LLD_EXACT_REFERENCE_RECONCILIATION_Ch469 v1.1. REQ-46901–46906 map to SRS-FR-2359–2364. Sources explicitly do not assert a Chapter 469 domain model or objects; do not infer one. Candidate HLD-CAND-469-01..06 and LLD-CMP pattern components are candidate/supporting only. Exact approved HLD/LLD locators 0/6 evidenced; DATA/API/EVENT contracts or approved N/A, baseline and approval remain pending. HOLD; no UAT/acceptance promoted."
"469","REQ-46906","SRS-FR-2364","TRC-46906","XX06","Provide governed reporting for status, exceptions and performance","DOMAIN_CONTEXT_NOT_EVIDENCED_BY_CHAPTER_SOURCE","NOT_PROMOTED—EXACT LOCATOR/APPROVAL REQUIRED","SUPPORTING DESIGN ONLY—EXACT LOCATOR/APPROVAL REQUIRED","NOT FULLY PROMOTED—VALIDATE APPLICABILITY/LOCATOR","NOT FULLY PROMOTED—VALIDATE APPLICABILITY/LOCATOR","NOT FULLY PROMOTED—VALIDATE APPLICABILITY/LOCATOR","OPEN—NO UAT/ACCEPTANCE/G9 PROMOTION","Chapter-specific domain not established in retrieved recovery sources","Sources: EM_CONSOLIDATED_REQUIREMENTS_Ch469 v0.1–v0.6; Chapter_469_HLD-LLD_Recovery_Master_v1.0; EM_HLD_LLD_EXACT_REFERENCE_RECONCILIATION_Ch469 v1.1. REQ-46901–46906 map to SRS-FR-2359–2364. Sources explicitly do not assert a Chapter 469 domain model or objects; do not infer one. Candidate HLD-CAND-469-01..06 and LLD-CMP pattern components are candidate/supporting only. Exact approved HLD/LLD locators 0/6 evidenced; DATA/API/EVENT contracts or approved N/A, baseline and approval remain pending. HOLD; no UAT/acceptance promoted."
"470","REQ-47001","SRS-FR-2365","TRC-47001","XX01","Maintain authoritative records and lifecycle history","DOMAIN_CONTEXT_NOT_EVIDENCED_BY_CHAPTER_SOURCE","NOT_PROMOTED—EXACT LOCATOR/APPROVAL REQUIRED","SUPPORTING DESIGN ONLY—EXACT LOCATOR/APPROVAL REQUIRED","NOT FULLY PROMOTED—VALIDATE APPLICABILITY/LOCATOR","NOT FULLY PROMOTED—VALIDATE APPLICABILITY/LOCATOR","NOT FULLY PROMOTED—VALIDATE APPLICABILITY/LOCATOR","OPEN—NO UAT/ACCEPTANCE/G9 PROMOTION","Chapter-specific domain not established in retrieved recovery sources","Sources: EM_CONSOLIDATED_REQUIREMENTS_Ch470 v0.1–v0.6; Chapter_470_HLD-LLD_Recovery_Master_v1.0; EM_HLD_LLD_EXACT_REFERENCE_RECONCILIATION_Ch470 v1.1. REQ-47001–47006 map to SRS-FR-2365–2370 and XX01–XX06. Sources explicitly state insufficient Chapter 470 domain context; do not infer business objects or lifecycle states. Candidate HLD-CAND-470-01..06 and LLD-CMP pattern components are candidate/supporting only. Exact approved HLD/LLD locators 0/6 evidenced; DATA/API/EVENT contracts or approved N/A, baseline and approval remain pending. HOLD; no UAT/acceptance promoted."
"470","REQ-47002","SRS-FR-2366","TRC-47002","XX02","Enforce role-based authorization before material actions","DOMAIN_CONTEXT_NOT_EVIDENCED_BY_CHAPTER_SOURCE","NOT_PROMOTED—EXACT LOCATOR/APPROVAL REQUIRED","SUPPORTING DESIGN ONLY—EXACT LOCATOR/APPROVAL REQUIRED","NOT FULLY PROMOTED—VALIDATE APPLICABILITY/LOCATOR","NOT FULLY PROMOTED—VALIDATE APPLICABILITY/LOCATOR","NOT FULLY PROMOTED—VALIDATE APPLICABILITY/LOCATOR","OPEN—NO UAT/ACCEPTANCE/G9 PROMOTION","Chapter-specific domain not established in retrieved recovery sources","Sources: EM_CONSOLIDATED_REQUIREMENTS_Ch470 v0.1–v0.6; Chapter_470_HLD-LLD_Recovery_Master_v1.0; EM_HLD_LLD_EXACT_REFERENCE_RECONCILIATION_Ch470 v1.1. REQ-47001–47006 map to SRS-FR-2365–2370 and XX01–XX06. Sources explicitly state insufficient Chapter 470 domain context; do not infer business objects or lifecycle states. Candidate HLD-CAND-470-01..06 and LLD-CMP pattern components are candidate/supporting only. Exact approved HLD/LLD locators 0/6 evidenced; DATA/API/EVENT contracts or approved N/A, baseline and approval remain pending. HOLD; no UAT/acceptance promoted."
"470","REQ-47003","SRS-FR-2367","TRC-47003","XX03","Validate mandatory business conditions before material changes","DOMAIN_CONTEXT_NOT_EVIDENCED_BY_CHAPTER_SOURCE","NOT_PROMOTED—EXACT LOCATOR/APPROVAL REQUIRED","SUPPORTING DESIGN ONLY—EXACT LOCATOR/APPROVAL REQUIRED","NOT FULLY PROMOTED—VALIDATE APPLICABILITY/LOCATOR","NOT FULLY PROMOTED—VALIDATE APPLICABILITY/LOCATOR","NOT FULLY PROMOTED—VALIDATE APPLICABILITY/LOCATOR","OPEN—NO UAT/ACCEPTANCE/G9 PROMOTION","Chapter-specific domain not established in retrieved recovery sources","Sources: EM_CONSOLIDATED_REQUIREMENTS_Ch470 v0.1–v0.6; Chapter_470_HLD-LLD_Recovery_Master_v1.0; EM_HLD_LLD_EXACT_REFERENCE_RECONCILIATION_Ch470 v1.1. REQ-47001–47006 map to SRS-FR-2365–2370 and XX01–XX06. Sources explicitly state insufficient Chapter 470 domain context; do not infer business objects or lifecycle states. Candidate HLD-CAND-470-01..06 and LLD-CMP pattern components are candidate/supporting only. Exact approved HLD/LLD locators 0/6 evidenced; DATA/API/EVENT contracts or approved N/A, baseline and approval remain pending. HOLD; no UAT/acceptance promoted."
"470","REQ-47004","SRS-FR-2368","TRC-47004","XX04","Preserve audit evidence for material events","DOMAIN_CONTEXT_NOT_EVIDENCED_BY_CHAPTER_SOURCE","NOT_PROMOTED—EXACT LOCATOR/APPROVAL REQUIRED","SUPPORTING DESIGN ONLY—EXACT LOCATOR/APPROVAL REQUIRED","NOT FULLY PROMOTED—VALIDATE APPLICABILITY/LOCATOR","NOT FULLY PROMOTED—VALIDATE APPLICABILITY/LOCATOR","NOT FULLY PROMOTED—VALIDATE APPLICABILITY/LOCATOR","OPEN—NO UAT/ACCEPTANCE/G9 PROMOTION","Chapter-specific domain not established in retrieved recovery sources","Sources: EM_CONSOLIDATED_REQUIREMENTS_Ch470 v0.1–v0.6; Chapter_470_HLD-LLD_Recovery_Master_v1.0; EM_HLD_LLD_EXACT_REFERENCE_RECONCILIATION_Ch470 v1.1. REQ-47001–47006 map to SRS-FR-2365–2370 and XX01–XX06. Sources explicitly state insufficient Chapter 470 domain context; do not infer business objects or lifecycle states. Candidate HLD-CAND-470-01..06 and LLD-CMP pattern components are candidate/supporting only. Exact approved HLD/LLD locators 0/6 evidenced; DATA/API/EVENT contracts or approved N/A, baseline and approval remain pending. HOLD; no UAT/acceptance promoted."
"470","REQ-47005","SRS-FR-2369","TRC-47005","XX05","Support controlled exception handling","DOMAIN_CONTEXT_NOT_EVIDENCED_BY_CHAPTER_SOURCE","NOT_PROMOTED—EXACT LOCATOR/APPROVAL REQUIRED","SUPPORTING DESIGN ONLY—EXACT LOCATOR/APPROVAL REQUIRED","NOT FULLY PROMOTED—VALIDATE APPLICABILITY/LOCATOR","NOT FULLY PROMOTED—VALIDATE APPLICABILITY/LOCATOR","NOT FULLY PROMOTED—VALIDATE APPLICABILITY/LOCATOR","OPEN—NO UAT/ACCEPTANCE/G9 PROMOTION","Chapter-specific domain not established in retrieved recovery sources","Sources: EM_CONSOLIDATED_REQUIREMENTS_Ch470 v0.1–v0.6; Chapter_470_HLD-LLD_Recovery_Master_v1.0; EM_HLD_LLD_EXACT_REFERENCE_RECONCILIATION_Ch470 v1.1. REQ-47001–47006 map to SRS-FR-2365–2370 and XX01–XX06. Sources explicitly state insufficient Chapter 470 domain context; do not infer business objects or lifecycle states. Candidate HLD-CAND-470-01..06 and LLD-CMP pattern components are candidate/supporting only. Exact approved HLD/LLD locators 0/6 evidenced; DATA/API/EVENT contracts or approved N/A, baseline and approval remain pending. HOLD; no UAT/acceptance promoted."
"470","REQ-47006","SRS-FR-2370","TRC-47006","XX06","Provide governed reporting for status, exceptions and performance","DOMAIN_CONTEXT_NOT_EVIDENCED_BY_CHAPTER_SOURCE","NOT_PROMOTED—EXACT LOCATOR/APPROVAL REQUIRED","SUPPORTING DESIGN ONLY—EXACT LOCATOR/APPROVAL REQUIRED","NOT FULLY PROMOTED—VALIDATE APPLICABILITY/LOCATOR","NOT FULLY PROMOTED—VALIDATE APPLICABILITY/LOCATOR","NOT FULLY PROMOTED—VALIDATE APPLICABILITY/LOCATOR","OPEN—NO UAT/ACCEPTANCE/G9 PROMOTION","Chapter-specific domain not established in retrieved recovery sources","Sources: EM_CONSOLIDATED_REQUIREMENTS_Ch470 v0.1–v0.6; Chapter_470_HLD-LLD_Recovery_Master_v1.0; EM_HLD_LLD_EXACT_REFERENCE_RECONCILIATION_Ch470 v1.1. REQ-47001–47006 map to SRS-FR-2365–2370 and XX01–XX06. Sources explicitly state insufficient Chapter 470 domain context; do not infer business objects or lifecycle states. Candidate HLD-CAND-470-01..06 and LLD-CMP pattern components are candidate/supporting only. Exact approved HLD/LLD locators 0/6 evidenced; DATA/API/EVENT contracts or approved N/A, baseline and approval remain pending. HOLD; no UAT/acceptance promoted."
"471","REQ-47101","SRS-FR-2371","TRC-47101","XX01","Maintain authoritative records and lifecycle history","DOMAIN_CONTEXT_NOT_EVIDENCED_BY_CHAPTER_SOURCE","NOT_PROMOTED—EXACT LOCATOR/APPROVAL REQUIRED","SUPPORTING DESIGN ONLY—EXACT LOCATOR/APPROVAL REQUIRED","NOT FULLY PROMOTED—VALIDATE APPLICABILITY/LOCATOR","NOT FULLY PROMOTED—VALIDATE APPLICABILITY/LOCATOR","NOT FULLY PROMOTED—VALIDATE APPLICABILITY/LOCATOR","OPEN—NO UAT/ACCEPTANCE/G9 PROMOTION","Chapter-specific domain not established in retrieved recovery sources","Sources: Chapter_471_HLD-LLD_Recovery_Master_v1.0 and EM_HLD_LLD_EXACT_REFERENCE_RECONCILIATION_Ch471_REQ47101–REQ47106_v1.1. REQ-47101–47106 map to SRS-FR-2371–2376; XX01–XX06 patterns and supporting LLD-CMP responsibilities are documented. Sources explicitly prohibit inferring Chapter 471 domain objects, lifecycle, report metrics, exception semantics or DATA/API/EVENT references. Exact approved HLD 0/6, LLD 0/6, HLD→LLD pairs 0/6; contract/N/A, baseline and approval evidence pending. HOLD; no UAT/acceptance promoted."
"471","REQ-47102","SRS-FR-2372","TRC-47102","XX02","Enforce role-based authorization before material actions","DOMAIN_CONTEXT_NOT_EVIDENCED_BY_CHAPTER_SOURCE","NOT_PROMOTED—EXACT LOCATOR/APPROVAL REQUIRED","SUPPORTING DESIGN ONLY—EXACT LOCATOR/APPROVAL REQUIRED","NOT FULLY PROMOTED—VALIDATE APPLICABILITY/LOCATOR","NOT FULLY PROMOTED—VALIDATE APPLICABILITY/LOCATOR","NOT FULLY PROMOTED—VALIDATE APPLICABILITY/LOCATOR","OPEN—NO UAT/ACCEPTANCE/G9 PROMOTION","Chapter-specific domain not established in retrieved recovery sources","Sources: Chapter_471_HLD-LLD_Recovery_Master_v1.0 and EM_HLD_LLD_EXACT_REFERENCE_RECONCILIATION_Ch471_REQ47101–REQ47106_v1.1. REQ-47101–47106 map to SRS-FR-2371–2376; XX01–XX06 patterns and supporting LLD-CMP responsibilities are documented. Sources explicitly prohibit inferring Chapter 471 domain objects, lifecycle, report metrics, exception semantics or DATA/API/EVENT references. Exact approved HLD 0/6, LLD 0/6, HLD→LLD pairs 0/6; contract/N/A, baseline and approval evidence pending. HOLD; no UAT/acceptance promoted."
"471","REQ-47103","SRS-FR-2373","TRC-47103","XX03","Validate mandatory business conditions before material changes","DOMAIN_CONTEXT_NOT_EVIDENCED_BY_CHAPTER_SOURCE","NOT_PROMOTED—EXACT LOCATOR/APPROVAL REQUIRED","SUPPORTING DESIGN ONLY—EXACT LOCATOR/APPROVAL REQUIRED","NOT FULLY PROMOTED—VALIDATE APPLICABILITY/LOCATOR","NOT FULLY PROMOTED—VALIDATE APPLICABILITY/LOCATOR","NOT FULLY PROMOTED—VALIDATE APPLICABILITY/LOCATOR","OPEN—NO UAT/ACCEPTANCE/G9 PROMOTION","Chapter-specific domain not established in retrieved recovery sources","Sources: Chapter_471_HLD-LLD_Recovery_Master_v1.0 and EM_HLD_LLD_EXACT_REFERENCE_RECONCILIATION_Ch471_REQ47101–REQ47106_v1.1. REQ-47101–47106 map to SRS-FR-2371–2376; XX01–XX06 patterns and supporting LLD-CMP responsibilities are documented. Sources explicitly prohibit inferring Chapter 471 domain objects, lifecycle, report metrics, exception semantics or DATA/API/EVENT references. Exact approved HLD 0/6, LLD 0/6, HLD→LLD pairs 0/6; contract/N/A, baseline and approval evidence pending. HOLD; no UAT/acceptance promoted."
"471","REQ-47104","SRS-FR-2374","TRC-47104","XX04","Preserve audit evidence for material events","DOMAIN_CONTEXT_NOT_EVIDENCED_BY_CHAPTER_SOURCE","NOT_PROMOTED—EXACT LOCATOR/APPROVAL REQUIRED","SUPPORTING DESIGN ONLY—EXACT LOCATOR/APPROVAL REQUIRED","NOT FULLY PROMOTED—VALIDATE APPLICABILITY/LOCATOR","NOT FULLY PROMOTED—VALIDATE APPLICABILITY/LOCATOR","NOT FULLY PROMOTED—VALIDATE APPLICABILITY/LOCATOR","OPEN—NO UAT/ACCEPTANCE/G9 PROMOTION","Chapter-specific domain not established in retrieved recovery sources","Sources: Chapter_471_HLD-LLD_Recovery_Master_v1.0 and EM_HLD_LLD_EXACT_REFERENCE_RECONCILIATION_Ch471_REQ47101–REQ47106_v1.1. REQ-47101–47106 map to SRS-FR-2371–2376; XX01–XX06 patterns and supporting LLD-CMP responsibilities are documented. Sources explicitly prohibit inferring Chapter 471 domain objects, lifecycle, report metrics, exception semantics or DATA/API/EVENT references. Exact approved HLD 0/6, LLD 0/6, HLD→LLD pairs 0/6; contract/N/A, baseline and approval evidence pending. HOLD; no UAT/acceptance promoted."
"471","REQ-47105","SRS-FR-2375","TRC-47105","XX05","Support controlled exception handling","DOMAIN_CONTEXT_NOT_EVIDENCED_BY_CHAPTER_SOURCE","NOT_PROMOTED—EXACT LOCATOR/APPROVAL REQUIRED","SUPPORTING DESIGN ONLY—EXACT LOCATOR/APPROVAL REQUIRED","NOT FULLY PROMOTED—VALIDATE APPLICABILITY/LOCATOR","NOT FULLY PROMOTED—VALIDATE APPLICABILITY/LOCATOR","NOT FULLY PROMOTED—VALIDATE APPLICABILITY/LOCATOR","OPEN—NO UAT/ACCEPTANCE/G9 PROMOTION","Chapter-specific domain not established in retrieved recovery sources","Sources: Chapter_471_HLD-LLD_Recovery_Master_v1.0 and EM_HLD_LLD_EXACT_REFERENCE_RECONCILIATION_Ch471_REQ47101–REQ47106_v1.1. REQ-47101–47106 map to SRS-FR-2371–2376; XX01–XX06 patterns and supporting LLD-CMP responsibilities are documented. Sources explicitly prohibit inferring Chapter 471 domain objects, lifecycle, report metrics, exception semantics or DATA/API/EVENT references. Exact approved HLD 0/6, LLD 0/6, HLD→LLD pairs 0/6; contract/N/A, baseline and approval evidence pending. HOLD; no UAT/acceptance promoted."
"471","REQ-47106","SRS-FR-2376","TRC-47106","XX06","Provide governed reporting for status, exceptions and performance","DOMAIN_CONTEXT_NOT_EVIDENCED_BY_CHAPTER_SOURCE","NOT_PROMOTED—EXACT LOCATOR/APPROVAL REQUIRED","SUPPORTING DESIGN ONLY—EXACT LOCATOR/APPROVAL REQUIRED","NOT FULLY PROMOTED—VALIDATE APPLICABILITY/LOCATOR","NOT FULLY PROMOTED—VALIDATE APPLICABILITY/LOCATOR","NOT FULLY PROMOTED—VALIDATE APPLICABILITY/LOCATOR","OPEN—NO UAT/ACCEPTANCE/G9 PROMOTION","Chapter-specific domain not established in retrieved recovery sources","Sources: Chapter_471_HLD-LLD_Recovery_Master_v1.0 and EM_HLD_LLD_EXACT_REFERENCE_RECONCILIATION_Ch471_REQ47101–REQ47106_v1.1. REQ-47101–47106 map to SRS-FR-2371–2376; XX01–XX06 patterns and supporting LLD-CMP responsibilities are documented. Sources explicitly prohibit inferring Chapter 471 domain objects, lifecycle, report metrics, exception semantics or DATA/API/EVENT references. Exact approved HLD 0/6, LLD 0/6, HLD→LLD pairs 0/6; contract/N/A, baseline and approval evidence pending. HOLD; no UAT/acceptance promoted."
"472","REQ-47201","SRS-FR-2377","TRC-47201","XX01","Maintain authoritative records and lifecycle history","DOMAIN_CONTEXT_NOT_EVIDENCED_BY_CHAPTER_SOURCE","NOT_PROMOTED—EXACT LOCATOR/APPROVAL REQUIRED","SUPPORTING DESIGN ONLY—EXACT LOCATOR/APPROVAL REQUIRED","NOT FULLY PROMOTED—VALIDATE APPLICABILITY/LOCATOR","NOT FULLY PROMOTED—VALIDATE APPLICABILITY/LOCATOR","NOT FULLY PROMOTED—VALIDATE APPLICABILITY/LOCATOR","OPEN—NO UAT/ACCEPTANCE/G9 PROMOTION","Chapter-specific domain not established in retrieved recovery sources","Sources: Chapter_472_HLD-LLD_Recovery_Master_v1.0 and EM_HLD_LLD_EXACT_REFERENCE_RECONCILIATION_Ch472_REQ47201–REQ47206_v1.1. REQ-47201–47206 map to SRS-FR-2377–2382; XX01–XX06 patterns and supporting LLD-CMP responsibilities documented. Source explicitly prohibits inferring Chapter 472 domain objects, lifecycle states, roles/policies, exception semantics, reporting metrics or DATA/API/EVENT references. Exact approved HLD 0/6, LLD 0/6, HLD→LLD pairs 0/6; contracts or approved N/A, baseline and approval evidence pending. HOLD; no UAT/acceptance promoted."
"472","REQ-47202","SRS-FR-2378","TRC-47202","XX02","Enforce role-based authorization before material actions","DOMAIN_CONTEXT_NOT_EVIDENCED_BY_CHAPTER_SOURCE","NOT_PROMOTED—EXACT LOCATOR/APPROVAL REQUIRED","SUPPORTING DESIGN ONLY—EXACT LOCATOR/APPROVAL REQUIRED","NOT FULLY PROMOTED—VALIDATE APPLICABILITY/LOCATOR","NOT FULLY PROMOTED—VALIDATE APPLICABILITY/LOCATOR","NOT FULLY PROMOTED—VALIDATE APPLICABILITY/LOCATOR","OPEN—NO UAT/ACCEPTANCE/G9 PROMOTION","Chapter-specific domain not established in retrieved recovery sources","Sources: Chapter_472_HLD-LLD_Recovery_Master_v1.0 and EM_HLD_LLD_EXACT_REFERENCE_RECONCILIATION_Ch472_REQ47201–REQ47206_v1.1. REQ-47201–47206 map to SRS-FR-2377–2382; XX01–XX06 patterns and supporting LLD-CMP responsibilities documented. Source explicitly prohibits inferring Chapter 472 domain objects, lifecycle states, roles/policies, exception semantics, reporting metrics or DATA/API/EVENT references. Exact approved HLD 0/6, LLD 0/6, HLD→LLD pairs 0/6; contracts or approved N/A, baseline and approval evidence pending. HOLD; no UAT/acceptance promoted."
"472","REQ-47203","SRS-FR-2379","TRC-47203","XX03","Validate mandatory business conditions before material changes","DOMAIN_CONTEXT_NOT_EVIDENCED_BY_CHAPTER_SOURCE","NOT_PROMOTED—EXACT LOCATOR/APPROVAL REQUIRED","SUPPORTING DESIGN ONLY—EXACT LOCATOR/APPROVAL REQUIRED","NOT FULLY PROMOTED—VALIDATE APPLICABILITY/LOCATOR","NOT FULLY PROMOTED—VALIDATE APPLICABILITY/LOCATOR","NOT FULLY PROMOTED—VALIDATE APPLICABILITY/LOCATOR","OPEN—NO UAT/ACCEPTANCE/G9 PROMOTION","Chapter-specific domain not established in retrieved recovery sources","Sources: Chapter_472_HLD-LLD_Recovery_Master_v1.0 and EM_HLD_LLD_EXACT_REFERENCE_RECONCILIATION_Ch472_REQ47201–REQ47206_v1.1. REQ-47201–47206 map to SRS-FR-2377–2382; XX01–XX06 patterns and supporting LLD-CMP responsibilities documented. Source explicitly prohibits inferring Chapter 472 domain objects, lifecycle states, roles/policies, exception semantics, reporting metrics or DATA/API/EVENT references. Exact approved HLD 0/6, LLD 0/6, HLD→LLD pairs 0/6; contracts or approved N/A, baseline and approval evidence pending. HOLD; no UAT/acceptance promoted."
"472","REQ-47204","SRS-FR-2380","TRC-47204","XX04","Preserve audit evidence for material events","DOMAIN_CONTEXT_NOT_EVIDENCED_BY_CHAPTER_SOURCE","NOT_PROMOTED—EXACT LOCATOR/APPROVAL REQUIRED","SUPPORTING DESIGN ONLY—EXACT LOCATOR/APPROVAL REQUIRED","NOT FULLY PROMOTED—VALIDATE APPLICABILITY/LOCATOR","NOT FULLY PROMOTED—VALIDATE APPLICABILITY/LOCATOR","NOT FULLY PROMOTED—VALIDATE APPLICABILITY/LOCATOR","OPEN—NO UAT/ACCEPTANCE/G9 PROMOTION","Chapter-specific domain not established in retrieved recovery sources","Sources: Chapter_472_HLD-LLD_Recovery_Master_v1.0 and EM_HLD_LLD_EXACT_REFERENCE_RECONCILIATION_Ch472_REQ47201–REQ47206_v1.1. REQ-47201–47206 map to SRS-FR-2377–2382; XX01–XX06 patterns and supporting LLD-CMP responsibilities documented. Source explicitly prohibits inferring Chapter 472 domain objects, lifecycle states, roles/policies, exception semantics, reporting metrics or DATA/API/EVENT references. Exact approved HLD 0/6, LLD 0/6, HLD→LLD pairs 0/6; contracts or approved N/A, baseline and approval evidence pending. HOLD; no UAT/acceptance promoted."
"472","REQ-47205","SRS-FR-2381","TRC-47205","XX05","Support controlled exception handling","DOMAIN_CONTEXT_NOT_EVIDENCED_BY_CHAPTER_SOURCE","NOT_PROMOTED—EXACT LOCATOR/APPROVAL REQUIRED","SUPPORTING DESIGN ONLY—EXACT LOCATOR/APPROVAL REQUIRED","NOT FULLY PROMOTED—VALIDATE APPLICABILITY/LOCATOR","NOT FULLY PROMOTED—VALIDATE APPLICABILITY/LOCATOR","NOT FULLY PROMOTED—VALIDATE APPLICABILITY/LOCATOR","OPEN—NO UAT/ACCEPTANCE/G9 PROMOTION","Chapter-specific domain not established in retrieved recovery sources","Sources: Chapter_472_HLD-LLD_Recovery_Master_v1.0 and EM_HLD_LLD_EXACT_REFERENCE_RECONCILIATION_Ch472_REQ47201–REQ47206_v1.1. REQ-47201–47206 map to SRS-FR-2377–2382; XX01–XX06 patterns and supporting LLD-CMP responsibilities documented. Source explicitly prohibits inferring Chapter 472 domain objects, lifecycle states, roles/policies, exception semantics, reporting metrics or DATA/API/EVENT references. Exact approved HLD 0/6, LLD 0/6, HLD→LLD pairs 0/6; contracts or approved N/A, baseline and approval evidence pending. HOLD; no UAT/acceptance promoted."
"472","REQ-47206","SRS-FR-2382","TRC-47206","XX06","Provide governed reporting for status, exceptions and performance","DOMAIN_CONTEXT_NOT_EVIDENCED_BY_CHAPTER_SOURCE","NOT_PROMOTED—EXACT LOCATOR/APPROVAL REQUIRED","SUPPORTING DESIGN ONLY—EXACT LOCATOR/APPROVAL REQUIRED","NOT FULLY PROMOTED—VALIDATE APPLICABILITY/LOCATOR","NOT FULLY PROMOTED—VALIDATE APPLICABILITY/LOCATOR","NOT FULLY PROMOTED—VALIDATE APPLICABILITY/LOCATOR","OPEN—NO UAT/ACCEPTANCE/G9 PROMOTION","Chapter-specific domain not established in retrieved recovery sources","Sources: Chapter_472_HLD-LLD_Recovery_Master_v1.0 and EM_HLD_LLD_EXACT_REFERENCE_RECONCILIATION_Ch472_REQ47201–REQ47206_v1.1. REQ-47201–47206 map to SRS-FR-2377–2382; XX01–XX06 patterns and supporting LLD-CMP responsibilities documented. Source explicitly prohibits inferring Chapter 472 domain objects, lifecycle states, roles/policies, exception semantics, reporting metrics or DATA/API/EVENT references. Exact approved HLD 0/6, LLD 0/6, HLD→LLD pairs 0/6; contracts or approved N/A, baseline and approval evidence pending. HOLD; no UAT/acceptance promoted."
"473","REQ-47301","SRS-FR-2383","TRC-47301","XX01","Maintain authoritative records and lifecycle history","DOMAIN_CONTEXT_FOUND_CANDIDATE_NOT_APPROVED","NOT_PROMOTED—EXACT LOCATOR/APPROVAL REQUIRED","SUPPORTING DESIGN ONLY—EXACT LOCATOR/APPROVAL REQUIRED","NOT FULLY PROMOTED—VALIDATE APPLICABILITY/LOCATOR","NOT FULLY PROMOTED—VALIDATE APPLICABILITY/LOCATOR","NOT FULLY PROMOTED—VALIDATE APPLICABILITY/LOCATOR","OPEN—NO UAT/ACCEPTANCE/G9 PROMOTION","Enterprise Program & Portfolio Management","EM-OPS-020 Detailed Reconciliation Chapters 463-500 §7; contextual only, exact approved HLD/LLD and DATA/API/EVENT mappings remain open."
"473","REQ-47302","SRS-FR-2384","TRC-47302","XX02","Enforce role-based authorization before material actions","DOMAIN_CONTEXT_FOUND_CANDIDATE_NOT_APPROVED","NOT_PROMOTED—EXACT LOCATOR/APPROVAL REQUIRED","SUPPORTING DESIGN ONLY—EXACT LOCATOR/APPROVAL REQUIRED","NOT FULLY PROMOTED—VALIDATE APPLICABILITY/LOCATOR","NOT FULLY PROMOTED—VALIDATE APPLICABILITY/LOCATOR","NOT FULLY PROMOTED—VALIDATE APPLICABILITY/LOCATOR","OPEN—NO UAT/ACCEPTANCE/G9 PROMOTION","Enterprise Program & Portfolio Management","EM-OPS-020 Detailed Reconciliation Chapters 463-500 §7; contextual only, exact approved HLD/LLD and DATA/API/EVENT mappings remain open."
"473","REQ-47303","SRS-FR-2385","TRC-47303","XX03","Validate mandatory business conditions before material changes","DOMAIN_CONTEXT_FOUND_CANDIDATE_NOT_APPROVED","NOT_PROMOTED—EXACT LOCATOR/APPROVAL REQUIRED","SUPPORTING DESIGN ONLY—EXACT LOCATOR/APPROVAL REQUIRED","NOT FULLY PROMOTED—VALIDATE APPLICABILITY/LOCATOR","NOT FULLY PROMOTED—VALIDATE APPLICABILITY/LOCATOR","NOT FULLY PROMOTED—VALIDATE APPLICABILITY/LOCATOR","OPEN—NO UAT/ACCEPTANCE/G9 PROMOTION","Enterprise Program & Portfolio Management","EM-OPS-020 Detailed Reconciliation Chapters 463-500 §7; contextual only, exact approved HLD/LLD and DATA/API/EVENT mappings remain open."
"473","REQ-47304","SRS-FR-2386","TRC-47304","XX04","Preserve audit evidence for material events","DOMAIN_CONTEXT_FOUND_CANDIDATE_NOT_APPROVED","NOT_PROMOTED—EXACT LOCATOR/APPROVAL REQUIRED","SUPPORTING DESIGN ONLY—EXACT LOCATOR/APPROVAL REQUIRED","NOT FULLY PROMOTED—VALIDATE APPLICABILITY/LOCATOR","NOT FULLY PROMOTED—VALIDATE APPLICABILITY/LOCATOR","NOT FULLY PROMOTED—VALIDATE APPLICABILITY/LOCATOR","OPEN—NO UAT/ACCEPTANCE/G9 PROMOTION","Enterprise Program & Portfolio Management","EM-OPS-020 Detailed Reconciliation Chapters 463-500 §7; contextual only, exact approved HLD/LLD and DATA/API/EVENT mappings remain open."
"473","REQ-47305","SRS-FR-2387","TRC-47305","XX05","Support controlled exception handling","DOMAIN_CONTEXT_FOUND_CANDIDATE_NOT_APPROVED","NOT_PROMOTED—EXACT LOCATOR/APPROVAL REQUIRED","SUPPORTING DESIGN ONLY—EXACT LOCATOR/APPROVAL REQUIRED","NOT FULLY PROMOTED—VALIDATE APPLICABILITY/LOCATOR","NOT FULLY PROMOTED—VALIDATE APPLICABILITY/LOCATOR","NOT FULLY PROMOTED—VALIDATE APPLICABILITY/LOCATOR","OPEN—NO UAT/ACCEPTANCE/G9 PROMOTION","Enterprise Program & Portfolio Management","EM-OPS-020 Detailed Reconciliation Chapters 463-500 §7; contextual only, exact approved HLD/LLD and DATA/API/EVENT mappings remain open."
"473","REQ-47306","SRS-FR-2388","TRC-47306","XX06","Provide governed reporting for status, exceptions and performance","DOMAIN_CONTEXT_FOUND_CANDIDATE_NOT_APPROVED","NOT_PROMOTED—EXACT LOCATOR/APPROVAL REQUIRED","SUPPORTING DESIGN ONLY—EXACT LOCATOR/APPROVAL REQUIRED","NOT FULLY PROMOTED—VALIDATE APPLICABILITY/LOCATOR","NOT FULLY PROMOTED—VALIDATE APPLICABILITY/LOCATOR","NOT FULLY PROMOTED—VALIDATE APPLICABILITY/LOCATOR","OPEN—NO UAT/ACCEPTANCE/G9 PROMOTION","Enterprise Program & Portfolio Management","EM-OPS-020 Detailed Reconciliation Chapters 463-500 §7; contextual only, exact approved HLD/LLD and DATA/API/EVENT mappings remain open."
"474","REQ-47401","SRS-FR-2389","TRC-47401","XX01","Maintain authoritative records and lifecycle history","DOMAIN_CONTEXT_FOUND_CANDIDATE_NOT_APPROVED","NOT_PROMOTED—EXACT LOCATOR/APPROVAL REQUIRED","SUPPORTING DESIGN ONLY—EXACT LOCATOR/APPROVAL REQUIRED","NOT FULLY PROMOTED—VALIDATE APPLICABILITY/LOCATOR","NOT FULLY PROMOTED—VALIDATE APPLICABILITY/LOCATOR","NOT FULLY PROMOTED—VALIDATE APPLICABILITY/LOCATOR","OPEN—NO UAT/ACCEPTANCE/G9 PROMOTION","Enterprise Risk Management, Controls, Compliance & Resilience","EM-OPS-020 Detailed Reconciliation Chapters 463-500 §7; contextual only, exact approved HLD/LLD and DATA/API/EVENT mappings remain open."
"474","REQ-47402","SRS-FR-2390","TRC-47402","XX02","Enforce role-based authorization before material actions","DOMAIN_CONTEXT_FOUND_CANDIDATE_NOT_APPROVED","NOT_PROMOTED—EXACT LOCATOR/APPROVAL REQUIRED","SUPPORTING DESIGN ONLY—EXACT LOCATOR/APPROVAL REQUIRED","NOT FULLY PROMOTED—VALIDATE APPLICABILITY/LOCATOR","NOT FULLY PROMOTED—VALIDATE APPLICABILITY/LOCATOR","NOT FULLY PROMOTED—VALIDATE APPLICABILITY/LOCATOR","OPEN—NO UAT/ACCEPTANCE/G9 PROMOTION","Enterprise Risk Management, Controls, Compliance & Resilience","EM-OPS-020 Detailed Reconciliation Chapters 463-500 §7; contextual only, exact approved HLD/LLD and DATA/API/EVENT mappings remain open."
"474","REQ-47403","SRS-FR-2391","TRC-47403","XX03","Validate mandatory business conditions before material changes","DOMAIN_CONTEXT_FOUND_CANDIDATE_NOT_APPROVED","NOT_PROMOTED—EXACT LOCATOR/APPROVAL REQUIRED","SUPPORTING DESIGN ONLY—EXACT LOCATOR/APPROVAL REQUIRED","NOT FULLY PROMOTED—VALIDATE APPLICABILITY/LOCATOR","NOT FULLY PROMOTED—VALIDATE APPLICABILITY/LOCATOR","NOT FULLY PROMOTED—VALIDATE APPLICABILITY/LOCATOR","OPEN—NO UAT/ACCEPTANCE/G9 PROMOTION","Enterprise Risk Management, Controls, Compliance & Resilience","EM-OPS-020 Detailed Reconciliation Chapters 463-500 §7; contextual only, exact approved HLD/LLD and DATA/API/EVENT mappings remain open."
"474","REQ-47404","SRS-FR-2392","TRC-47404","XX04","Preserve audit evidence for material events","DOMAIN_CONTEXT_FOUND_CANDIDATE_NOT_APPROVED","NOT_PROMOTED—EXACT LOCATOR/APPROVAL REQUIRED","SUPPORTING DESIGN ONLY—EXACT LOCATOR/APPROVAL REQUIRED","NOT FULLY PROMOTED—VALIDATE APPLICABILITY/LOCATOR","NOT FULLY PROMOTED—VALIDATE APPLICABILITY/LOCATOR","NOT FULLY PROMOTED—VALIDATE APPLICABILITY/LOCATOR","OPEN—NO UAT/ACCEPTANCE/G9 PROMOTION","Enterprise Risk Management, Controls, Compliance & Resilience","EM-OPS-020 Detailed Reconciliation Chapters 463-500 §7; contextual only, exact approved HLD/LLD and DATA/API/EVENT mappings remain open."
"474","REQ-47405","SRS-FR-2393","TRC-47405","XX05","Support controlled exception handling","DOMAIN_CONTEXT_FOUND_CANDIDATE_NOT_APPROVED","NOT_PROMOTED—EXACT LOCATOR/APPROVAL REQUIRED","SUPPORTING DESIGN ONLY—EXACT LOCATOR/APPROVAL REQUIRED","NOT FULLY PROMOTED—VALIDATE APPLICABILITY/LOCATOR","NOT FULLY PROMOTED—VALIDATE APPLICABILITY/LOCATOR","NOT FULLY PROMOTED—VALIDATE APPLICABILITY/LOCATOR","OPEN—NO UAT/ACCEPTANCE/G9 PROMOTION","Enterprise Risk Management, Controls, Compliance & Resilience","EM-OPS-020 Detailed Reconciliation Chapters 463-500 §7; contextual only, exact approved HLD/LLD and DATA/API/EVENT mappings remain open."
"474","REQ-47406","SRS-FR-2394","TRC-47406","XX06","Provide governed reporting for status, exceptions and performance","DOMAIN_CONTEXT_FOUND_CANDIDATE_NOT_APPROVED","NOT_PROMOTED—EXACT LOCATOR/APPROVAL REQUIRED","SUPPORTING DESIGN ONLY—EXACT LOCATOR/APPROVAL REQUIRED","NOT FULLY PROMOTED—VALIDATE APPLICABILITY/LOCATOR","NOT FULLY PROMOTED—VALIDATE APPLICABILITY/LOCATOR","NOT FULLY PROMOTED—VALIDATE APPLICABILITY/LOCATOR","OPEN—NO UAT/ACCEPTANCE/G9 PROMOTION","Enterprise Risk Management, Controls, Compliance & Resilience","EM-OPS-020 Detailed Reconciliation Chapters 463-500 §7; contextual only, exact approved HLD/LLD and DATA/API/EVENT mappings remain open."
"475","REQ-47501","SRS-FR-2395","TRC-47501","XX01","Maintain authoritative records and lifecycle history","DOMAIN_CONTEXT_FOUND_CANDIDATE_NOT_APPROVED","NOT_PROMOTED—EXACT LOCATOR/APPROVAL REQUIRED","SUPPORTING DESIGN ONLY—EXACT LOCATOR/APPROVAL REQUIRED","NOT FULLY PROMOTED—VALIDATE APPLICABILITY/LOCATOR","NOT FULLY PROMOTED—VALIDATE APPLICABILITY/LOCATOR","NOT FULLY PROMOTED—VALIDATE APPLICABILITY/LOCATOR","OPEN—NO UAT/ACCEPTANCE/G9 PROMOTION","Enterprise Customer Experience & Service Management","EM-OPS-020 Detailed Reconciliation Chapters 463-500 §7; contextual only, exact approved HLD/LLD and DATA/API/EVENT mappings remain open."
"475","REQ-47502","SRS-FR-2396","TRC-47502","XX02","Enforce role-based authorization before material actions","DOMAIN_CONTEXT_FOUND_CANDIDATE_NOT_APPROVED","NOT_PROMOTED—EXACT LOCATOR/APPROVAL REQUIRED","SUPPORTING DESIGN ONLY—EXACT LOCATOR/APPROVAL REQUIRED","NOT FULLY PROMOTED—VALIDATE APPLICABILITY/LOCATOR","NOT FULLY PROMOTED—VALIDATE APPLICABILITY/LOCATOR","NOT FULLY PROMOTED—VALIDATE APPLICABILITY/LOCATOR","OPEN—NO UAT/ACCEPTANCE/G9 PROMOTION","Enterprise Customer Experience & Service Management","EM-OPS-020 Detailed Reconciliation Chapters 463-500 §7; contextual only, exact approved HLD/LLD and DATA/API/EVENT mappings remain open."
"475","REQ-47503","SRS-FR-2397","TRC-47503","XX03","Validate mandatory business conditions before material changes","DOMAIN_CONTEXT_FOUND_CANDIDATE_NOT_APPROVED","NOT_PROMOTED—EXACT LOCATOR/APPROVAL REQUIRED","SUPPORTING DESIGN ONLY—EXACT LOCATOR/APPROVAL REQUIRED","NOT FULLY PROMOTED—VALIDATE APPLICABILITY/LOCATOR","NOT FULLY PROMOTED—VALIDATE APPLICABILITY/LOCATOR","NOT FULLY PROMOTED—VALIDATE APPLICABILITY/LOCATOR","OPEN—NO UAT/ACCEPTANCE/G9 PROMOTION","Enterprise Customer Experience & Service Management","EM-OPS-020 Detailed Reconciliation Chapters 463-500 §7; contextual only, exact approved HLD/LLD and DATA/API/EVENT mappings remain open."
"475","REQ-47504","SRS-FR-2398","TRC-47504","XX04","Preserve audit evidence for material events","DOMAIN_CONTEXT_FOUND_CANDIDATE_NOT_APPROVED","NOT_PROMOTED—EXACT LOCATOR/APPROVAL REQUIRED","SUPPORTING DESIGN ONLY—EXACT LOCATOR/APPROVAL REQUIRED","NOT FULLY PROMOTED—VALIDATE APPLICABILITY/LOCATOR","NOT FULLY PROMOTED—VALIDATE APPLICABILITY/LOCATOR","NOT FULLY PROMOTED—VALIDATE APPLICABILITY/LOCATOR","OPEN—NO UAT/ACCEPTANCE/G9 PROMOTION","Enterprise Customer Experience & Service Management","EM-OPS-020 Detailed Reconciliation Chapters 463-500 §7; contextual only, exact approved HLD/LLD and DATA/API/EVENT mappings remain open."
"475","REQ-47505","SRS-FR-2399","TRC-47505","XX05","Support controlled exception handling","DOMAIN_CONTEXT_FOUND_CANDIDATE_NOT_APPROVED","NOT_PROMOTED—EXACT LOCATOR/APPROVAL REQUIRED","SUPPORTING DESIGN ONLY—EXACT LOCATOR/APPROVAL REQUIRED","NOT FULLY PROMOTED—VALIDATE APPLICABILITY/LOCATOR","NOT FULLY PROMOTED—VALIDATE APPLICABILITY/LOCATOR","NOT FULLY PROMOTED—VALIDATE APPLICABILITY/LOCATOR","OPEN—NO UAT/ACCEPTANCE/G9 PROMOTION","Enterprise Customer Experience & Service Management","EM-OPS-020 Detailed Reconciliation Chapters 463-500 §7; contextual only, exact approved HLD/LLD and DATA/API/EVENT mappings remain open."
"475","REQ-47506","SRS-FR-2400","TRC-47506","XX06","Provide governed reporting for status, exceptions and performance","DOMAIN_CONTEXT_FOUND_CANDIDATE_NOT_APPROVED","NOT_PROMOTED—EXACT LOCATOR/APPROVAL REQUIRED","SUPPORTING DESIGN ONLY—EXACT LOCATOR/APPROVAL REQUIRED","NOT FULLY PROMOTED—VALIDATE APPLICABILITY/LOCATOR","NOT FULLY PROMOTED—VALIDATE APPLICABILITY/LOCATOR","NOT FULLY PROMOTED—VALIDATE APPLICABILITY/LOCATOR","OPEN—NO UAT/ACCEPTANCE/G9 PROMOTION","Enterprise Customer Experience & Service Management","EM-OPS-020 Detailed Reconciliation Chapters 463-500 §7; contextual only, exact approved HLD/LLD and DATA/API/EVENT mappings remain open."
"476","REQ-47601","SRS-FR-2401","TRC-47601","XX01","Maintain authoritative records and lifecycle history","DOMAIN_CONTEXT_FOUND_CANDIDATE_NOT_APPROVED","NOT_PROMOTED—EXACT LOCATOR/APPROVAL REQUIRED","SUPPORTING DESIGN ONLY—EXACT LOCATOR/APPROVAL REQUIRED","NOT FULLY PROMOTED—VALIDATE APPLICABILITY/LOCATOR","NOT FULLY PROMOTED—VALIDATE APPLICABILITY/LOCATOR","NOT FULLY PROMOTED—VALIDATE APPLICABILITY/LOCATOR","OPEN—NO UAT/ACCEPTANCE/G9 PROMOTION","Enterprise Data Governance, Integration & Interoperability","EM-OPS-020 Detailed Reconciliation Chapters 463-500 §7; contextual only, exact approved HLD/LLD and DATA/API/EVENT mappings remain open."
"476","REQ-47602","SRS-FR-2402","TRC-47602","XX02","Enforce role-based authorization before material actions","DOMAIN_CONTEXT_FOUND_CANDIDATE_NOT_APPROVED","NOT_PROMOTED—EXACT LOCATOR/APPROVAL REQUIRED","SUPPORTING DESIGN ONLY—EXACT LOCATOR/APPROVAL REQUIRED","NOT FULLY PROMOTED—VALIDATE APPLICABILITY/LOCATOR","NOT FULLY PROMOTED—VALIDATE APPLICABILITY/LOCATOR","NOT FULLY PROMOTED—VALIDATE APPLICABILITY/LOCATOR","OPEN—NO UAT/ACCEPTANCE/G9 PROMOTION","Enterprise Data Governance, Integration & Interoperability","EM-OPS-020 Detailed Reconciliation Chapters 463-500 §7; contextual only, exact approved HLD/LLD and DATA/API/EVENT mappings remain open."
"476","REQ-47603","SRS-FR-2403","TRC-47603","XX03","Validate mandatory business conditions before material changes","DOMAIN_CONTEXT_FOUND_CANDIDATE_NOT_APPROVED","NOT_PROMOTED—EXACT LOCATOR/APPROVAL REQUIRED","SUPPORTING DESIGN ONLY—EXACT LOCATOR/APPROVAL REQUIRED","NOT FULLY PROMOTED—VALIDATE APPLICABILITY/LOCATOR","NOT FULLY PROMOTED—VALIDATE APPLICABILITY/LOCATOR","NOT FULLY PROMOTED—VALIDATE APPLICABILITY/LOCATOR","OPEN—NO UAT/ACCEPTANCE/G9 PROMOTION","Enterprise Data Governance, Integration & Interoperability","EM-OPS-020 Detailed Reconciliation Chapters 463-500 §7; contextual only, exact approved HLD/LLD and DATA/API/EVENT mappings remain open."
"476","REQ-47604","SRS-FR-2404","TRC-47604","XX04","Preserve audit evidence for material events","DOMAIN_CONTEXT_FOUND_CANDIDATE_NOT_APPROVED","NOT_PROMOTED—EXACT LOCATOR/APPROVAL REQUIRED","SUPPORTING DESIGN ONLY—EXACT LOCATOR/APPROVAL REQUIRED","NOT FULLY PROMOTED—VALIDATE APPLICABILITY/LOCATOR","NOT FULLY PROMOTED—VALIDATE APPLICABILITY/LOCATOR","NOT FULLY PROMOTED—VALIDATE APPLICABILITY/LOCATOR","OPEN—NO UAT/ACCEPTANCE/G9 PROMOTION","Enterprise Data Governance, Integration & Interoperability","EM-OPS-020 Detailed Reconciliation Chapters 463-500 §7; contextual only, exact approved HLD/LLD and DATA/API/EVENT mappings remain open."
"476","REQ-47605","SRS-FR-2405","TRC-47605","XX05","Support controlled exception handling","DOMAIN_CONTEXT_FOUND_CANDIDATE_NOT_APPROVED","NOT_PROMOTED—EXACT LOCATOR/APPROVAL REQUIRED","SUPPORTING DESIGN ONLY—EXACT LOCATOR/APPROVAL REQUIRED","NOT FULLY PROMOTED—VALIDATE APPLICABILITY/LOCATOR","NOT FULLY PROMOTED—VALIDATE APPLICABILITY/LOCATOR","NOT FULLY PROMOTED—VALIDATE APPLICABILITY/LOCATOR","OPEN—NO UAT/ACCEPTANCE/G9 PROMOTION","Enterprise Data Governance, Integration & Interoperability","EM-OPS-020 Detailed Reconciliation Chapters 463-500 §7; contextual only, exact approved HLD/LLD and DATA/API/EVENT mappings remain open."
"476","REQ-47606","SRS-FR-2406","TRC-47606","XX06","Provide governed reporting for status, exceptions and performance","DOMAIN_CONTEXT_FOUND_CANDIDATE_NOT_APPROVED","NOT_PROMOTED—EXACT LOCATOR/APPROVAL REQUIRED","SUPPORTING DESIGN ONLY—EXACT LOCATOR/APPROVAL REQUIRED","NOT FULLY PROMOTED—VALIDATE APPLICABILITY/LOCATOR","NOT FULLY PROMOTED—VALIDATE APPLICABILITY/LOCATOR","NOT FULLY PROMOTED—VALIDATE APPLICABILITY/LOCATOR","OPEN—NO UAT/ACCEPTANCE/G9 PROMOTION","Enterprise Data Governance, Integration & Interoperability","EM-OPS-020 Detailed Reconciliation Chapters 463-500 §7; contextual only, exact approved HLD/LLD and DATA/API/EVENT mappings remain open."
"477","REQ-47701","SRS-FR-2407","TRC-47701","XX01","Maintain authoritative records and lifecycle history","DOMAIN_CONTEXT_FOUND_CANDIDATE_NOT_APPROVED","NOT_PROMOTED—EXACT LOCATOR/APPROVAL REQUIRED","SUPPORTING DESIGN ONLY—EXACT LOCATOR/APPROVAL REQUIRED","NOT FULLY PROMOTED—VALIDATE APPLICABILITY/LOCATOR","NOT FULLY PROMOTED—VALIDATE APPLICABILITY/LOCATOR","NOT FULLY PROMOTED—VALIDATE APPLICABILITY/LOCATOR","OPEN—NO UAT/ACCEPTANCE/G9 PROMOTION","Enterprise Cybersecurity, Identity, Access, Privacy & Security Operations","EM-OPS-020 Detailed Reconciliation Chapters 463-500 §7; contextual only, exact approved HLD/LLD and DATA/API/EVENT mappings remain open."
"477","REQ-47702","SRS-FR-2408","TRC-47702","XX02","Enforce role-based authorization before material actions","DOMAIN_CONTEXT_FOUND_CANDIDATE_NOT_APPROVED","NOT_PROMOTED—EXACT LOCATOR/APPROVAL REQUIRED","SUPPORTING DESIGN ONLY—EXACT LOCATOR/APPROVAL REQUIRED","NOT FULLY PROMOTED—VALIDATE APPLICABILITY/LOCATOR","NOT FULLY PROMOTED—VALIDATE APPLICABILITY/LOCATOR","NOT FULLY PROMOTED—VALIDATE APPLICABILITY/LOCATOR","OPEN—NO UAT/ACCEPTANCE/G9 PROMOTION","Enterprise Cybersecurity, Identity, Access, Privacy & Security Operations","EM-OPS-020 Detailed Reconciliation Chapters 463-500 §7; contextual only, exact approved HLD/LLD and DATA/API/EVENT mappings remain open."
"477","REQ-47703","SRS-FR-2409","TRC-47703","XX03","Validate mandatory business conditions before material changes","DOMAIN_CONTEXT_FOUND_CANDIDATE_NOT_APPROVED","NOT_PROMOTED—EXACT LOCATOR/APPROVAL REQUIRED","SUPPORTING DESIGN ONLY—EXACT LOCATOR/APPROVAL REQUIRED","NOT FULLY PROMOTED—VALIDATE APPLICABILITY/LOCATOR","NOT FULLY PROMOTED—VALIDATE APPLICABILITY/LOCATOR","NOT FULLY PROMOTED—VALIDATE APPLICABILITY/LOCATOR","OPEN—NO UAT/ACCEPTANCE/G9 PROMOTION","Enterprise Cybersecurity, Identity, Access, Privacy & Security Operations","EM-OPS-020 Detailed Reconciliation Chapters 463-500 §7; contextual only, exact approved HLD/LLD and DATA/API/EVENT mappings remain open."
"477","REQ-47704","SRS-FR-2410","TRC-47704","XX04","Preserve audit evidence for material events","DOMAIN_CONTEXT_FOUND_CANDIDATE_NOT_APPROVED","NOT_PROMOTED—EXACT LOCATOR/APPROVAL REQUIRED","SUPPORTING DESIGN ONLY—EXACT LOCATOR/APPROVAL REQUIRED","NOT FULLY PROMOTED—VALIDATE APPLICABILITY/LOCATOR","NOT FULLY PROMOTED—VALIDATE APPLICABILITY/LOCATOR","NOT FULLY PROMOTED—VALIDATE APPLICABILITY/LOCATOR","OPEN—NO UAT/ACCEPTANCE/G9 PROMOTION","Enterprise Cybersecurity, Identity, Access, Privacy & Security Operations","EM-OPS-020 Detailed Reconciliation Chapters 463-500 §7; contextual only, exact approved HLD/LLD and DATA/API/EVENT mappings remain open."
"477","REQ-47705","SRS-FR-2411","TRC-47705","XX05","Support controlled exception handling","DOMAIN_CONTEXT_FOUND_CANDIDATE_NOT_APPROVED","NOT_PROMOTED—EXACT LOCATOR/APPROVAL REQUIRED","SUPPORTING DESIGN ONLY—EXACT LOCATOR/APPROVAL REQUIRED","NOT FULLY PROMOTED—VALIDATE APPLICABILITY/LOCATOR","NOT FULLY PROMOTED—VALIDATE APPLICABILITY/LOCATOR","NOT FULLY PROMOTED—VALIDATE APPLICABILITY/LOCATOR","OPEN—NO UAT/ACCEPTANCE/G9 PROMOTION","Enterprise Cybersecurity, Identity, Access, Privacy & Security Operations","EM-OPS-020 Detailed Reconciliation Chapters 463-500 §7; contextual only, exact approved HLD/LLD and DATA/API/EVENT mappings remain open."
"477","REQ-47706","SRS-FR-2412","TRC-47706","XX06","Provide governed reporting for status, exceptions and performance","DOMAIN_CONTEXT_FOUND_CANDIDATE_NOT_APPROVED","NOT_PROMOTED—EXACT LOCATOR/APPROVAL REQUIRED","SUPPORTING DESIGN ONLY—EXACT LOCATOR/APPROVAL REQUIRED","NOT FULLY PROMOTED—VALIDATE APPLICABILITY/LOCATOR","NOT FULLY PROMOTED—VALIDATE APPLICABILITY/LOCATOR","NOT FULLY PROMOTED—VALIDATE APPLICABILITY/LOCATOR","OPEN—NO UAT/ACCEPTANCE/G9 PROMOTION","Enterprise Cybersecurity, Identity, Access, Privacy & Security Operations","EM-OPS-020 Detailed Reconciliation Chapters 463-500 §7; contextual only, exact approved HLD/LLD and DATA/API/EVENT mappings remain open."
"478","REQ-47801","SRS-FR-2413","TRC-47801","XX01","Maintain authoritative records and lifecycle history","DOMAIN_CONTEXT_FOUND_CANDIDATE_NOT_APPROVED","NOT_PROMOTED—EXACT LOCATOR/APPROVAL REQUIRED","SUPPORTING DESIGN ONLY—EXACT LOCATOR/APPROVAL REQUIRED","NOT FULLY PROMOTED—VALIDATE APPLICABILITY/LOCATOR","NOT FULLY PROMOTED—VALIDATE APPLICABILITY/LOCATOR","NOT FULLY PROMOTED—VALIDATE APPLICABILITY/LOCATOR","OPEN—NO UAT/ACCEPTANCE/G9 PROMOTION","Enterprise Human Capital / Workforce / Talent / Performance","EM-OPS-020 Detailed Reconciliation Chapters 463-500 §7; contextual only, exact approved HLD/LLD and DATA/API/EVENT mappings remain open."
"478","REQ-47802","SRS-FR-2414","TRC-47802","XX02","Enforce role-based authorization before material actions","DOMAIN_CONTEXT_FOUND_CANDIDATE_NOT_APPROVED","NOT_PROMOTED—EXACT LOCATOR/APPROVAL REQUIRED","SUPPORTING DESIGN ONLY—EXACT LOCATOR/APPROVAL REQUIRED","NOT FULLY PROMOTED—VALIDATE APPLICABILITY/LOCATOR","NOT FULLY PROMOTED—VALIDATE APPLICABILITY/LOCATOR","NOT FULLY PROMOTED—VALIDATE APPLICABILITY/LOCATOR","OPEN—NO UAT/ACCEPTANCE/G9 PROMOTION","Enterprise Human Capital / Workforce / Talent / Performance","EM-OPS-020 Detailed Reconciliation Chapters 463-500 §7; contextual only, exact approved HLD/LLD and DATA/API/EVENT mappings remain open."
"478","REQ-47803","SRS-FR-2415","TRC-47803","XX03","Validate mandatory business conditions before material changes","DOMAIN_CONTEXT_FOUND_CANDIDATE_NOT_APPROVED","NOT_PROMOTED—EXACT LOCATOR/APPROVAL REQUIRED","SUPPORTING DESIGN ONLY—EXACT LOCATOR/APPROVAL REQUIRED","NOT FULLY PROMOTED—VALIDATE APPLICABILITY/LOCATOR","NOT FULLY PROMOTED—VALIDATE APPLICABILITY/LOCATOR","NOT FULLY PROMOTED—VALIDATE APPLICABILITY/LOCATOR","OPEN—NO UAT/ACCEPTANCE/G9 PROMOTION","Enterprise Human Capital / Workforce / Talent / Performance","EM-OPS-020 Detailed Reconciliation Chapters 463-500 §7; contextual only, exact approved HLD/LLD and DATA/API/EVENT mappings remain open."
"478","REQ-47804","SRS-FR-2416","TRC-47804","XX04","Preserve audit evidence for material events","DOMAIN_CONTEXT_FOUND_CANDIDATE_NOT_APPROVED","NOT_PROMOTED—EXACT LOCATOR/APPROVAL REQUIRED","SUPPORTING DESIGN ONLY—EXACT LOCATOR/APPROVAL REQUIRED","NOT FULLY PROMOTED—VALIDATE APPLICABILITY/LOCATOR","NOT FULLY PROMOTED—VALIDATE APPLICABILITY/LOCATOR","NOT FULLY PROMOTED—VALIDATE APPLICABILITY/LOCATOR","OPEN—NO UAT/ACCEPTANCE/G9 PROMOTION","Enterprise Human Capital / Workforce / Talent / Performance","EM-OPS-020 Detailed Reconciliation Chapters 463-500 §7; contextual only, exact approved HLD/LLD and DATA/API/EVENT mappings remain open."
"478","REQ-47805","SRS-FR-2417","TRC-47805","XX05","Support controlled exception handling","DOMAIN_CONTEXT_FOUND_CANDIDATE_NOT_APPROVED","NOT_PROMOTED—EXACT LOCATOR/APPROVAL REQUIRED","SUPPORTING DESIGN ONLY—EXACT LOCATOR/APPROVAL REQUIRED","NOT FULLY PROMOTED—VALIDATE APPLICABILITY/LOCATOR","NOT FULLY PROMOTED—VALIDATE APPLICABILITY/LOCATOR","NOT FULLY PROMOTED—VALIDATE APPLICABILITY/LOCATOR","OPEN—NO UAT/ACCEPTANCE/G9 PROMOTION","Enterprise Human Capital / Workforce / Talent / Performance","EM-OPS-020 Detailed Reconciliation Chapters 463-500 §7; contextual only, exact approved HLD/LLD and DATA/API/EVENT mappings remain open."
"478","REQ-47806","SRS-FR-2418","TRC-47806","XX06","Provide governed reporting for status, exceptions and performance","DOMAIN_CONTEXT_FOUND_CANDIDATE_NOT_APPROVED","NOT_PROMOTED—EXACT LOCATOR/APPROVAL REQUIRED","SUPPORTING DESIGN ONLY—EXACT LOCATOR/APPROVAL REQUIRED","NOT FULLY PROMOTED—VALIDATE APPLICABILITY/LOCATOR","NOT FULLY PROMOTED—VALIDATE APPLICABILITY/LOCATOR","NOT FULLY PROMOTED—VALIDATE APPLICABILITY/LOCATOR","OPEN—NO UAT/ACCEPTANCE/G9 PROMOTION","Enterprise Human Capital / Workforce / Talent / Performance","EM-OPS-020 Detailed Reconciliation Chapters 463-500 §7; contextual only, exact approved HLD/LLD and DATA/API/EVENT mappings remain open."
"479","REQ-47901","SRS-FR-2419","TRC-47901","XX01","Maintain authoritative records and lifecycle history","SOURCE_REVIEWED_DOMAIN_TITLE_NOT_EVIDENCED","NOT_PROMOTED—EXACT LOCATOR/APPROVAL REQUIRED","SUPPORTING DESIGN ONLY—EXACT LOCATOR/APPROVAL REQUIRED","NOT FULLY PROMOTED—VALIDATE APPLICABILITY/LOCATOR","NOT FULLY PROMOTED—VALIDATE APPLICABILITY/LOCATOR","NOT FULLY PROMOTED—VALIDATE APPLICABILITY/LOCATOR","OPEN—NO UAT/ACCEPTANCE/G9 PROMOTION","Not stated in retrieved authoritative source","EM-OPS-479-486_B3_P0_Actual_Evidence_Recovery_Queue_v1: 48/48 BRD→SRS mapped (SRS-FR-2419–2466); exact design, implementation, test, UAT, release and ops evidence each 0/48; title/domain not supplied by this source. Consolidated BRD provides six pattern requirements, not domain title."
"479","REQ-47902","SRS-FR-2420","TRC-47902","XX02","Enforce role-based authorization before material actions","SOURCE_REVIEWED_DOMAIN_TITLE_NOT_EVIDENCED","NOT_PROMOTED—EXACT LOCATOR/APPROVAL REQUIRED","SUPPORTING DESIGN ONLY—EXACT LOCATOR/APPROVAL REQUIRED","NOT FULLY PROMOTED—VALIDATE APPLICABILITY/LOCATOR","NOT FULLY PROMOTED—VALIDATE APPLICABILITY/LOCATOR","NOT FULLY PROMOTED—VALIDATE APPLICABILITY/LOCATOR","OPEN—NO UAT/ACCEPTANCE/G9 PROMOTION","Not stated in retrieved authoritative source","EM-OPS-479-486_B3_P0_Actual_Evidence_Recovery_Queue_v1: 48/48 BRD→SRS mapped (SRS-FR-2419–2466); exact design, implementation, test, UAT, release and ops evidence each 0/48; title/domain not supplied by this source. Consolidated BRD provides six pattern requirements, not domain title."
"479","REQ-47903","SRS-FR-2421","TRC-47903","XX03","Validate mandatory business conditions before material changes","SOURCE_REVIEWED_DOMAIN_TITLE_NOT_EVIDENCED","NOT_PROMOTED—EXACT LOCATOR/APPROVAL REQUIRED","SUPPORTING DESIGN ONLY—EXACT LOCATOR/APPROVAL REQUIRED","NOT FULLY PROMOTED—VALIDATE APPLICABILITY/LOCATOR","NOT FULLY PROMOTED—VALIDATE APPLICABILITY/LOCATOR","NOT FULLY PROMOTED—VALIDATE APPLICABILITY/LOCATOR","OPEN—NO UAT/ACCEPTANCE/G9 PROMOTION","Not stated in retrieved authoritative source","EM-OPS-479-486_B3_P0_Actual_Evidence_Recovery_Queue_v1: 48/48 BRD→SRS mapped (SRS-FR-2419–2466); exact design, implementation, test, UAT, release and ops evidence each 0/48; title/domain not supplied by this source. Consolidated BRD provides six pattern requirements, not domain title."
"479","REQ-47904","SRS-FR-2422","TRC-47904","XX04","Preserve audit evidence for material events","SOURCE_REVIEWED_DOMAIN_TITLE_NOT_EVIDENCED","NOT_PROMOTED—EXACT LOCATOR/APPROVAL REQUIRED","SUPPORTING DESIGN ONLY—EXACT LOCATOR/APPROVAL REQUIRED","NOT FULLY PROMOTED—VALIDATE APPLICABILITY/LOCATOR","NOT FULLY PROMOTED—VALIDATE APPLICABILITY/LOCATOR","NOT FULLY PROMOTED—VALIDATE APPLICABILITY/LOCATOR","OPEN—NO UAT/ACCEPTANCE/G9 PROMOTION","Not stated in retrieved authoritative source","EM-OPS-479-486_B3_P0_Actual_Evidence_Recovery_Queue_v1: 48/48 BRD→SRS mapped (SRS-FR-2419–2466); exact design, implementation, test, UAT, release and ops evidence each 0/48; title/domain not supplied by this source. Consolidated BRD provides six pattern requirements, not domain title."
"479","REQ-47905","SRS-FR-2423","TRC-47905","XX05","Support controlled exception handling","SOURCE_REVIEWED_DOMAIN_TITLE_NOT_EVIDENCED","NOT_PROMOTED—EXACT LOCATOR/APPROVAL REQUIRED","SUPPORTING DESIGN ONLY—EXACT LOCATOR/APPROVAL REQUIRED","NOT FULLY PROMOTED—VALIDATE APPLICABILITY/LOCATOR","NOT FULLY PROMOTED—VALIDATE APPLICABILITY/LOCATOR","NOT FULLY PROMOTED—VALIDATE APPLICABILITY/LOCATOR","OPEN—NO UAT/ACCEPTANCE/G9 PROMOTION","Not stated in retrieved authoritative source","EM-OPS-479-486_B3_P0_Actual_Evidence_Recovery_Queue_v1: 48/48 BRD→SRS mapped (SRS-FR-2419–2466); exact design, implementation, test, UAT, release and ops evidence each 0/48; title/domain not supplied by this source. Consolidated BRD provides six pattern requirements, not domain title."
"479","REQ-47906","SRS-FR-2424","TRC-47906","XX06","Provide governed reporting for status, exceptions and performance","SOURCE_REVIEWED_DOMAIN_TITLE_NOT_EVIDENCED","NOT_PROMOTED—EXACT LOCATOR/APPROVAL REQUIRED","SUPPORTING DESIGN ONLY—EXACT LOCATOR/APPROVAL REQUIRED","NOT FULLY PROMOTED—VALIDATE APPLICABILITY/LOCATOR","NOT FULLY PROMOTED—VALIDATE APPLICABILITY/LOCATOR","NOT FULLY PROMOTED—VALIDATE APPLICABILITY/LOCATOR","OPEN—NO UAT/ACCEPTANCE/G9 PROMOTION","Not stated in retrieved authoritative source","EM-OPS-479-486_B3_P0_Actual_Evidence_Recovery_Queue_v1: 48/48 BRD→SRS mapped (SRS-FR-2419–2466); exact design, implementation, test, UAT, release and ops evidence each 0/48; title/domain not supplied by this source. Consolidated BRD provides six pattern requirements, not domain title."
"480","REQ-48001","SRS-FR-2425","TRC-48001","XX01","Maintain authoritative records and lifecycle history","SOURCE_REVIEWED_DOMAIN_TITLE_NOT_EVIDENCED","NOT_PROMOTED—EXACT LOCATOR/APPROVAL REQUIRED","SUPPORTING DESIGN ONLY—EXACT LOCATOR/APPROVAL REQUIRED","NOT FULLY PROMOTED—VALIDATE APPLICABILITY/LOCATOR","NOT FULLY PROMOTED—VALIDATE APPLICABILITY/LOCATOR","NOT FULLY PROMOTED—VALIDATE APPLICABILITY/LOCATOR","OPEN—NO UAT/ACCEPTANCE/G9 PROMOTION","Not stated in retrieved authoritative source","EM-OPS-479-486_B3_P0_Actual_Evidence_Recovery_Queue_v1: 48/48 BRD→SRS mapped (SRS-FR-2419–2466); exact design, implementation, test, UAT, release and ops evidence each 0/48; title/domain not supplied by this source. Consolidated BRD provides six pattern requirements, not domain title."
"480","REQ-48002","SRS-FR-2426","TRC-48002","XX02","Enforce role-based authorization before material actions","SOURCE_REVIEWED_DOMAIN_TITLE_NOT_EVIDENCED","NOT_PROMOTED—EXACT LOCATOR/APPROVAL REQUIRED","SUPPORTING DESIGN ONLY—EXACT LOCATOR/APPROVAL REQUIRED","NOT FULLY PROMOTED—VALIDATE APPLICABILITY/LOCATOR","NOT FULLY PROMOTED—VALIDATE APPLICABILITY/LOCATOR","NOT FULLY PROMOTED—VALIDATE APPLICABILITY/LOCATOR","OPEN—NO UAT/ACCEPTANCE/G9 PROMOTION","Not stated in retrieved authoritative source","EM-OPS-479-486_B3_P0_Actual_Evidence_Recovery_Queue_v1: 48/48 BRD→SRS mapped (SRS-FR-2419–2466); exact design, implementation, test, UAT, release and ops evidence each 0/48; title/domain not supplied by this source. Consolidated BRD provides six pattern requirements, not domain title."
"480","REQ-48003","SRS-FR-2427","TRC-48003","XX03","Validate mandatory business conditions before material changes","SOURCE_REVIEWED_DOMAIN_TITLE_NOT_EVIDENCED","NOT_PROMOTED—EXACT LOCATOR/APPROVAL REQUIRED","SUPPORTING DESIGN ONLY—EXACT LOCATOR/APPROVAL REQUIRED","NOT FULLY PROMOTED—VALIDATE APPLICABILITY/LOCATOR","NOT FULLY PROMOTED—VALIDATE APPLICABILITY/LOCATOR","NOT FULLY PROMOTED—VALIDATE APPLICABILITY/LOCATOR","OPEN—NO UAT/ACCEPTANCE/G9 PROMOTION","Not stated in retrieved authoritative source","EM-OPS-479-486_B3_P0_Actual_Evidence_Recovery_Queue_v1: 48/48 BRD→SRS mapped (SRS-FR-2419–2466); exact design, implementation, test, UAT, release and ops evidence each 0/48; title/domain not supplied by this source. Consolidated BRD provides six pattern requirements, not domain title."
"480","REQ-48004","SRS-FR-2428","TRC-48004","XX04","Preserve audit evidence for material events","SOURCE_REVIEWED_DOMAIN_TITLE_NOT_EVIDENCED","NOT_PROMOTED—EXACT LOCATOR/APPROVAL REQUIRED","SUPPORTING DESIGN ONLY—EXACT LOCATOR/APPROVAL REQUIRED","NOT FULLY PROMOTED—VALIDATE APPLICABILITY/LOCATOR","NOT FULLY PROMOTED—VALIDATE APPLICABILITY/LOCATOR","NOT FULLY PROMOTED—VALIDATE APPLICABILITY/LOCATOR","OPEN—NO UAT/ACCEPTANCE/G9 PROMOTION","Not stated in retrieved authoritative source","EM-OPS-479-486_B3_P0_Actual_Evidence_Recovery_Queue_v1: 48/48 BRD→SRS mapped (SRS-FR-2419–2466); exact design, implementation, test, UAT, release and ops evidence each 0/48; title/domain not supplied by this source. Consolidated BRD provides six pattern requirements, not domain title."
"480","REQ-48005","SRS-FR-2429","TRC-48005","XX05","Support controlled exception handling","SOURCE_REVIEWED_DOMAIN_TITLE_NOT_EVIDENCED","NOT_PROMOTED—EXACT LOCATOR/APPROVAL REQUIRED","SUPPORTING DESIGN ONLY—EXACT LOCATOR/APPROVAL REQUIRED","NOT FULLY PROMOTED—VALIDATE APPLICABILITY/LOCATOR","NOT FULLY PROMOTED—VALIDATE APPLICABILITY/LOCATOR","NOT FULLY PROMOTED—VALIDATE APPLICABILITY/LOCATOR","OPEN—NO UAT/ACCEPTANCE/G9 PROMOTION","Not stated in retrieved authoritative source","EM-OPS-479-486_B3_P0_Actual_Evidence_Recovery_Queue_v1: 48/48 BRD→SRS mapped (SRS-FR-2419–2466); exact design, implementation, test, UAT, release and ops evidence each 0/48; title/domain not supplied by this source. Consolidated BRD provides six pattern requirements, not domain title."
"480","REQ-48006","SRS-FR-2430","TRC-48006","XX06","Provide governed reporting for status, exceptions and performance","SOURCE_REVIEWED_DOMAIN_TITLE_NOT_EVIDENCED","NOT_PROMOTED—EXACT LOCATOR/APPROVAL REQUIRED","SUPPORTING DESIGN ONLY—EXACT LOCATOR/APPROVAL REQUIRED","NOT FULLY PROMOTED—VALIDATE APPLICABILITY/LOCATOR","NOT FULLY PROMOTED—VALIDATE APPLICABILITY/LOCATOR","NOT FULLY PROMOTED—VALIDATE APPLICABILITY/LOCATOR","OPEN—NO UAT/ACCEPTANCE/G9 PROMOTION","Not stated in retrieved authoritative source","EM-OPS-479-486_B3_P0_Actual_Evidence_Recovery_Queue_v1: 48/48 BRD→SRS mapped (SRS-FR-2419–2466); exact design, implementation, test, UAT, release and ops evidence each 0/48; title/domain not supplied by this source. Consolidated BRD provides six pattern requirements, not domain title."
"481","REQ-48101","SRS-FR-2431","TRC-48101","XX01","Maintain authoritative records and lifecycle history","SOURCE_REVIEWED_DOMAIN_TITLE_NOT_EVIDENCED","NOT_PROMOTED—EXACT LOCATOR/APPROVAL REQUIRED","SUPPORTING DESIGN ONLY—EXACT LOCATOR/APPROVAL REQUIRED","NOT FULLY PROMOTED—VALIDATE APPLICABILITY/LOCATOR","NOT FULLY PROMOTED—VALIDATE APPLICABILITY/LOCATOR","NOT FULLY PROMOTED—VALIDATE APPLICABILITY/LOCATOR","OPEN—NO UAT/ACCEPTANCE/G9 PROMOTION","Not stated in retrieved authoritative source","EM-OPS-479-486_B3_P0_Actual_Evidence_Recovery_Queue_v1: 48/48 BRD→SRS mapped (SRS-FR-2419–2466); exact design, implementation, test, UAT, release and ops evidence each 0/48; title/domain not supplied by this source. Consolidated BRD provides six pattern requirements, not domain title."
"481","REQ-48102","SRS-FR-2432","TRC-48102","XX02","Enforce role-based authorization before material actions","SOURCE_REVIEWED_DOMAIN_TITLE_NOT_EVIDENCED","NOT_PROMOTED—EXACT LOCATOR/APPROVAL REQUIRED","SUPPORTING DESIGN ONLY—EXACT LOCATOR/APPROVAL REQUIRED","NOT FULLY PROMOTED—VALIDATE APPLICABILITY/LOCATOR","NOT FULLY PROMOTED—VALIDATE APPLICABILITY/LOCATOR","NOT FULLY PROMOTED—VALIDATE APPLICABILITY/LOCATOR","OPEN—NO UAT/ACCEPTANCE/G9 PROMOTION","Not stated in retrieved authoritative source","EM-OPS-479-486_B3_P0_Actual_Evidence_Recovery_Queue_v1: 48/48 BRD→SRS mapped (SRS-FR-2419–2466); exact design, implementation, test, UAT, release and ops evidence each 0/48; title/domain not supplied by this source. Consolidated BRD provides six pattern requirements, not domain title."
"481","REQ-48103","SRS-FR-2433","TRC-48103","XX03","Validate mandatory business conditions before material changes","SOURCE_REVIEWED_DOMAIN_TITLE_NOT_EVIDENCED","NOT_PROMOTED—EXACT LOCATOR/APPROVAL REQUIRED","SUPPORTING DESIGN ONLY—EXACT LOCATOR/APPROVAL REQUIRED","NOT FULLY PROMOTED—VALIDATE APPLICABILITY/LOCATOR","NOT FULLY PROMOTED—VALIDATE APPLICABILITY/LOCATOR","NOT FULLY PROMOTED—VALIDATE APPLICABILITY/LOCATOR","OPEN—NO UAT/ACCEPTANCE/G9 PROMOTION","Not stated in retrieved authoritative source","EM-OPS-479-486_B3_P0_Actual_Evidence_Recovery_Queue_v1: 48/48 BRD→SRS mapped (SRS-FR-2419–2466); exact design, implementation, test, UAT, release and ops evidence each 0/48; title/domain not supplied by this source. Consolidated BRD provides six pattern requirements, not domain title."
"481","REQ-48104","SRS-FR-2434","TRC-48104","XX04","Preserve audit evidence for material events","SOURCE_REVIEWED_DOMAIN_TITLE_NOT_EVIDENCED","NOT_PROMOTED—EXACT LOCATOR/APPROVAL REQUIRED","SUPPORTING DESIGN ONLY—EXACT LOCATOR/APPROVAL REQUIRED","NOT FULLY PROMOTED—VALIDATE APPLICABILITY/LOCATOR","NOT FULLY PROMOTED—VALIDATE APPLICABILITY/LOCATOR","NOT FULLY PROMOTED—VALIDATE APPLICABILITY/LOCATOR","OPEN—NO UAT/ACCEPTANCE/G9 PROMOTION","Not stated in retrieved authoritative source","EM-OPS-479-486_B3_P0_Actual_Evidence_Recovery_Queue_v1: 48/48 BRD→SRS mapped (SRS-FR-2419–2466); exact design, implementation, test, UAT, release and ops evidence each 0/48; title/domain not supplied by this source. Consolidated BRD provides six pattern requirements, not domain title."
"481","REQ-48105","SRS-FR-2435","TRC-48105","XX05","Support controlled exception handling","SOURCE_REVIEWED_DOMAIN_TITLE_NOT_EVIDENCED","NOT_PROMOTED—EXACT LOCATOR/APPROVAL REQUIRED","SUPPORTING DESIGN ONLY—EXACT LOCATOR/APPROVAL REQUIRED","NOT FULLY PROMOTED—VALIDATE APPLICABILITY/LOCATOR","NOT FULLY PROMOTED—VALIDATE APPLICABILITY/LOCATOR","NOT FULLY PROMOTED—VALIDATE APPLICABILITY/LOCATOR","OPEN—NO UAT/ACCEPTANCE/G9 PROMOTION","Not stated in retrieved authoritative source","EM-OPS-479-486_B3_P0_Actual_Evidence_Recovery_Queue_v1: 48/48 BRD→SRS mapped (SRS-FR-2419–2466); exact design, implementation, test, UAT, release and ops evidence each 0/48; title/domain not supplied by this source. Consolidated BRD provides six pattern requirements, not domain title."
"481","REQ-48106","SRS-FR-2436","TRC-48106","XX06","Provide governed reporting for status, exceptions and performance","SOURCE_REVIEWED_DOMAIN_TITLE_NOT_EVIDENCED","NOT_PROMOTED—EXACT LOCATOR/APPROVAL REQUIRED","SUPPORTING DESIGN ONLY—EXACT LOCATOR/APPROVAL REQUIRED","NOT FULLY PROMOTED—VALIDATE APPLICABILITY/LOCATOR","NOT FULLY PROMOTED—VALIDATE APPLICABILITY/LOCATOR","NOT FULLY PROMOTED—VALIDATE APPLICABILITY/LOCATOR","OPEN—NO UAT/ACCEPTANCE/G9 PROMOTION","Not stated in retrieved authoritative source","EM-OPS-479-486_B3_P0_Actual_Evidence_Recovery_Queue_v1: 48/48 BRD→SRS mapped (SRS-FR-2419–2466); exact design, implementation, test, UAT, release and ops evidence each 0/48; title/domain not supplied by this source. Consolidated BRD provides six pattern requirements, not domain title."
"482","REQ-48201","SRS-FR-2437","TRC-48201","XX01","Maintain authoritative records and lifecycle history","SOURCE_REVIEWED_DOMAIN_TITLE_NOT_EVIDENCED","NOT_PROMOTED—EXACT LOCATOR/APPROVAL REQUIRED","SUPPORTING DESIGN ONLY—EXACT LOCATOR/APPROVAL REQUIRED","NOT FULLY PROMOTED—VALIDATE APPLICABILITY/LOCATOR","NOT FULLY PROMOTED—VALIDATE APPLICABILITY/LOCATOR","NOT FULLY PROMOTED—VALIDATE APPLICABILITY/LOCATOR","OPEN—NO UAT/ACCEPTANCE/G9 PROMOTION","Not stated in retrieved authoritative source","EM-OPS-479-486_B3_P0_Actual_Evidence_Recovery_Queue_v1: 48/48 BRD→SRS mapped (SRS-FR-2419–2466); exact design, implementation, test, UAT, release and ops evidence each 0/48; title/domain not supplied by this source. Consolidated BRD provides six pattern requirements, not domain title."
"482","REQ-48202","SRS-FR-2438","TRC-48202","XX02","Enforce role-based authorization before material actions","SOURCE_REVIEWED_DOMAIN_TITLE_NOT_EVIDENCED","NOT_PROMOTED—EXACT LOCATOR/APPROVAL REQUIRED","SUPPORTING DESIGN ONLY—EXACT LOCATOR/APPROVAL REQUIRED","NOT FULLY PROMOTED—VALIDATE APPLICABILITY/LOCATOR","NOT FULLY PROMOTED—VALIDATE APPLICABILITY/LOCATOR","NOT FULLY PROMOTED—VALIDATE APPLICABILITY/LOCATOR","OPEN—NO UAT/ACCEPTANCE/G9 PROMOTION","Not stated in retrieved authoritative source","EM-OPS-479-486_B3_P0_Actual_Evidence_Recovery_Queue_v1: 48/48 BRD→SRS mapped (SRS-FR-2419–2466); exact design, implementation, test, UAT, release and ops evidence each 0/48; title/domain not supplied by this source. Consolidated BRD provides six pattern requirements, not domain title."
"482","REQ-48203","SRS-FR-2439","TRC-48203","XX03","Validate mandatory business conditions before material changes","SOURCE_REVIEWED_DOMAIN_TITLE_NOT_EVIDENCED","NOT_PROMOTED—EXACT LOCATOR/APPROVAL REQUIRED","SUPPORTING DESIGN ONLY—EXACT LOCATOR/APPROVAL REQUIRED","NOT FULLY PROMOTED—VALIDATE APPLICABILITY/LOCATOR","NOT FULLY PROMOTED—VALIDATE APPLICABILITY/LOCATOR","NOT FULLY PROMOTED—VALIDATE APPLICABILITY/LOCATOR","OPEN—NO UAT/ACCEPTANCE/G9 PROMOTION","Not stated in retrieved authoritative source","EM-OPS-479-486_B3_P0_Actual_Evidence_Recovery_Queue_v1: 48/48 BRD→SRS mapped (SRS-FR-2419–2466); exact design, implementation, test, UAT, release and ops evidence each 0/48; title/domain not supplied by this source. Consolidated BRD provides six pattern requirements, not domain title."
"482","REQ-48204","SRS-FR-2440","TRC-48204","XX04","Preserve audit evidence for material events","SOURCE_REVIEWED_DOMAIN_TITLE_NOT_EVIDENCED","NOT_PROMOTED—EXACT LOCATOR/APPROVAL REQUIRED","SUPPORTING DESIGN ONLY—EXACT LOCATOR/APPROVAL REQUIRED","NOT FULLY PROMOTED—VALIDATE APPLICABILITY/LOCATOR","NOT FULLY PROMOTED—VALIDATE APPLICABILITY/LOCATOR","NOT FULLY PROMOTED—VALIDATE APPLICABILITY/LOCATOR","OPEN—NO UAT/ACCEPTANCE/G9 PROMOTION","Not stated in retrieved authoritative source","EM-OPS-479-486_B3_P0_Actual_Evidence_Recovery_Queue_v1: 48/48 BRD→SRS mapped (SRS-FR-2419–2466); exact design, implementation, test, UAT, release and ops evidence each 0/48; title/domain not supplied by this source. Consolidated BRD provides six pattern requirements, not domain title."
"482","REQ-48205","SRS-FR-2441","TRC-48205","XX05","Support controlled exception handling","SOURCE_REVIEWED_DOMAIN_TITLE_NOT_EVIDENCED","NOT_PROMOTED—EXACT LOCATOR/APPROVAL REQUIRED","SUPPORTING DESIGN ONLY—EXACT LOCATOR/APPROVAL REQUIRED","NOT FULLY PROMOTED—VALIDATE APPLICABILITY/LOCATOR","NOT FULLY PROMOTED—VALIDATE APPLICABILITY/LOCATOR","NOT FULLY PROMOTED—VALIDATE APPLICABILITY/LOCATOR","OPEN—NO UAT/ACCEPTANCE/G9 PROMOTION","Not stated in retrieved authoritative source","EM-OPS-479-486_B3_P0_Actual_Evidence_Recovery_Queue_v1: 48/48 BRD→SRS mapped (SRS-FR-2419–2466); exact design, implementation, test, UAT, release and ops evidence each 0/48; title/domain not supplied by this source. Consolidated BRD provides six pattern requirements, not domain title."
"482","REQ-48206","SRS-FR-2442","TRC-48206","XX06","Provide governed reporting for status, exceptions and performance","SOURCE_REVIEWED_DOMAIN_TITLE_NOT_EVIDENCED","NOT_PROMOTED—EXACT LOCATOR/APPROVAL REQUIRED","SUPPORTING DESIGN ONLY—EXACT LOCATOR/APPROVAL REQUIRED","NOT FULLY PROMOTED—VALIDATE APPLICABILITY/LOCATOR","NOT FULLY PROMOTED—VALIDATE APPLICABILITY/LOCATOR","NOT FULLY PROMOTED—VALIDATE APPLICABILITY/LOCATOR","OPEN—NO UAT/ACCEPTANCE/G9 PROMOTION","Not stated in retrieved authoritative source","EM-OPS-479-486_B3_P0_Actual_Evidence_Recovery_Queue_v1: 48/48 BRD→SRS mapped (SRS-FR-2419–2466); exact design, implementation, test, UAT, release and ops evidence each 0/48; title/domain not supplied by this source. Consolidated BRD provides six pattern requirements, not domain title."
"483","REQ-48301","SRS-FR-2443","TRC-48301","XX01","Maintain authoritative records and lifecycle history","SOURCE_REVIEWED_DOMAIN_TITLE_NOT_EVIDENCED","NOT_PROMOTED—EXACT LOCATOR/APPROVAL REQUIRED","SUPPORTING DESIGN ONLY—EXACT LOCATOR/APPROVAL REQUIRED","NOT FULLY PROMOTED—VALIDATE APPLICABILITY/LOCATOR","NOT FULLY PROMOTED—VALIDATE APPLICABILITY/LOCATOR","NOT FULLY PROMOTED—VALIDATE APPLICABILITY/LOCATOR","OPEN—NO UAT/ACCEPTANCE/G9 PROMOTION","Not stated in retrieved authoritative source","EM-OPS-479-486_B3_P0_Actual_Evidence_Recovery_Queue_v1: 48/48 BRD→SRS mapped (SRS-FR-2419–2466); exact design, implementation, test, UAT, release and ops evidence each 0/48; title/domain not supplied by this source. Consolidated BRD provides six pattern requirements, not domain title."
"483","REQ-48302","SRS-FR-2444","TRC-48302","XX02","Enforce role-based authorization before material actions","SOURCE_REVIEWED_DOMAIN_TITLE_NOT_EVIDENCED","NOT_PROMOTED—EXACT LOCATOR/APPROVAL REQUIRED","SUPPORTING DESIGN ONLY—EXACT LOCATOR/APPROVAL REQUIRED","NOT FULLY PROMOTED—VALIDATE APPLICABILITY/LOCATOR","NOT FULLY PROMOTED—VALIDATE APPLICABILITY/LOCATOR","NOT FULLY PROMOTED—VALIDATE APPLICABILITY/LOCATOR","OPEN—NO UAT/ACCEPTANCE/G9 PROMOTION","Not stated in retrieved authoritative source","EM-OPS-479-486_B3_P0_Actual_Evidence_Recovery_Queue_v1: 48/48 BRD→SRS mapped (SRS-FR-2419–2466); exact design, implementation, test, UAT, release and ops evidence each 0/48; title/domain not supplied by this source. Consolidated BRD provides six pattern requirements, not domain title."
"483","REQ-48303","SRS-FR-2445","TRC-48303","XX03","Validate mandatory business conditions before material changes","SOURCE_REVIEWED_DOMAIN_TITLE_NOT_EVIDENCED","NOT_PROMOTED—EXACT LOCATOR/APPROVAL REQUIRED","SUPPORTING DESIGN ONLY—EXACT LOCATOR/APPROVAL REQUIRED","NOT FULLY PROMOTED—VALIDATE APPLICABILITY/LOCATOR","NOT FULLY PROMOTED—VALIDATE APPLICABILITY/LOCATOR","NOT FULLY PROMOTED—VALIDATE APPLICABILITY/LOCATOR","OPEN—NO UAT/ACCEPTANCE/G9 PROMOTION","Not stated in retrieved authoritative source","EM-OPS-479-486_B3_P0_Actual_Evidence_Recovery_Queue_v1: 48/48 BRD→SRS mapped (SRS-FR-2419–2466); exact design, implementation, test, UAT, release and ops evidence each 0/48; title/domain not supplied by this source. Consolidated BRD provides six pattern requirements, not domain title."
"483","REQ-48304","SRS-FR-2446","TRC-48304","XX04","Preserve audit evidence for material events","SOURCE_REVIEWED_DOMAIN_TITLE_NOT_EVIDENCED","NOT_PROMOTED—EXACT LOCATOR/APPROVAL REQUIRED","SUPPORTING DESIGN ONLY—EXACT LOCATOR/APPROVAL REQUIRED","NOT FULLY PROMOTED—VALIDATE APPLICABILITY/LOCATOR","NOT FULLY PROMOTED—VALIDATE APPLICABILITY/LOCATOR","NOT FULLY PROMOTED—VALIDATE APPLICABILITY/LOCATOR","OPEN—NO UAT/ACCEPTANCE/G9 PROMOTION","Not stated in retrieved authoritative source","EM-OPS-479-486_B3_P0_Actual_Evidence_Recovery_Queue_v1: 48/48 BRD→SRS mapped (SRS-FR-2419–2466); exact design, implementation, test, UAT, release and ops evidence each 0/48; title/domain not supplied by this source. Consolidated BRD provides six pattern requirements, not domain title."
"483","REQ-48305","SRS-FR-2447","TRC-48305","XX05","Support controlled exception handling","SOURCE_REVIEWED_DOMAIN_TITLE_NOT_EVIDENCED","NOT_PROMOTED—EXACT LOCATOR/APPROVAL REQUIRED","SUPPORTING DESIGN ONLY—EXACT LOCATOR/APPROVAL REQUIRED","NOT FULLY PROMOTED—VALIDATE APPLICABILITY/LOCATOR","NOT FULLY PROMOTED—VALIDATE APPLICABILITY/LOCATOR","NOT FULLY PROMOTED—VALIDATE APPLICABILITY/LOCATOR","OPEN—NO UAT/ACCEPTANCE/G9 PROMOTION","Not stated in retrieved authoritative source","EM-OPS-479-486_B3_P0_Actual_Evidence_Recovery_Queue_v1: 48/48 BRD→SRS mapped (SRS-FR-2419–2466); exact design, implementation, test, UAT, release and ops evidence each 0/48; title/domain not supplied by this source. Consolidated BRD provides six pattern requirements, not domain title."
"483","REQ-48306","SRS-FR-2448","TRC-48306","XX06","Provide governed reporting for status, exceptions and performance","SOURCE_REVIEWED_DOMAIN_TITLE_NOT_EVIDENCED","NOT_PROMOTED—EXACT LOCATOR/APPROVAL REQUIRED","SUPPORTING DESIGN ONLY—EXACT LOCATOR/APPROVAL REQUIRED","NOT FULLY PROMOTED—VALIDATE APPLICABILITY/LOCATOR","NOT FULLY PROMOTED—VALIDATE APPLICABILITY/LOCATOR","NOT FULLY PROMOTED—VALIDATE APPLICABILITY/LOCATOR","OPEN—NO UAT/ACCEPTANCE/G9 PROMOTION","Not stated in retrieved authoritative source","EM-OPS-479-486_B3_P0_Actual_Evidence_Recovery_Queue_v1: 48/48 BRD→SRS mapped (SRS-FR-2419–2466); exact design, implementation, test, UAT, release and ops evidence each 0/48; title/domain not supplied by this source. Consolidated BRD provides six pattern requirements, not domain title."
"484","REQ-48401","SRS-FR-2449","TRC-48401","XX01","Maintain authoritative records and lifecycle history","SOURCE_REVIEWED_DOMAIN_TITLE_NOT_EVIDENCED","NOT_PROMOTED—EXACT LOCATOR/APPROVAL REQUIRED","SUPPORTING DESIGN ONLY—EXACT LOCATOR/APPROVAL REQUIRED","NOT FULLY PROMOTED—VALIDATE APPLICABILITY/LOCATOR","NOT FULLY PROMOTED—VALIDATE APPLICABILITY/LOCATOR","NOT FULLY PROMOTED—VALIDATE APPLICABILITY/LOCATOR","OPEN—NO UAT/ACCEPTANCE/G9 PROMOTION","Not stated in retrieved authoritative source","EM-OPS-479-486_B3_P0_Actual_Evidence_Recovery_Queue_v1: 48/48 BRD→SRS mapped (SRS-FR-2419–2466); exact design, implementation, test, UAT, release and ops evidence each 0/48; title/domain not supplied by this source. Consolidated BRD provides six pattern requirements, not domain title."
"484","REQ-48402","SRS-FR-2450","TRC-48402","XX02","Enforce role-based authorization before material actions","SOURCE_REVIEWED_DOMAIN_TITLE_NOT_EVIDENCED","NOT_PROMOTED—EXACT LOCATOR/APPROVAL REQUIRED","SUPPORTING DESIGN ONLY—EXACT LOCATOR/APPROVAL REQUIRED","NOT FULLY PROMOTED—VALIDATE APPLICABILITY/LOCATOR","NOT FULLY PROMOTED—VALIDATE APPLICABILITY/LOCATOR","NOT FULLY PROMOTED—VALIDATE APPLICABILITY/LOCATOR","OPEN—NO UAT/ACCEPTANCE/G9 PROMOTION","Not stated in retrieved authoritative source","EM-OPS-479-486_B3_P0_Actual_Evidence_Recovery_Queue_v1: 48/48 BRD→SRS mapped (SRS-FR-2419–2466); exact design, implementation, test, UAT, release and ops evidence each 0/48; title/domain not supplied by this source. Consolidated BRD provides six pattern requirements, not domain title."
"484","REQ-48403","SRS-FR-2451","TRC-48403","XX03","Validate mandatory business conditions before material changes","SOURCE_REVIEWED_DOMAIN_TITLE_NOT_EVIDENCED","NOT_PROMOTED—EXACT LOCATOR/APPROVAL REQUIRED","SUPPORTING DESIGN ONLY—EXACT LOCATOR/APPROVAL REQUIRED","NOT FULLY PROMOTED—VALIDATE APPLICABILITY/LOCATOR","NOT FULLY PROMOTED—VALIDATE APPLICABILITY/LOCATOR","NOT FULLY PROMOTED—VALIDATE APPLICABILITY/LOCATOR","OPEN—NO UAT/ACCEPTANCE/G9 PROMOTION","Not stated in retrieved authoritative source","EM-OPS-479-486_B3_P0_Actual_Evidence_Recovery_Queue_v1: 48/48 BRD→SRS mapped (SRS-FR-2419–2466); exact design, implementation, test, UAT, release and ops evidence each 0/48; title/domain not supplied by this source. Consolidated BRD provides six pattern requirements, not domain title."
"484","REQ-48404","SRS-FR-2452","TRC-48404","XX04","Preserve audit evidence for material events","SOURCE_REVIEWED_DOMAIN_TITLE_NOT_EVIDENCED","NOT_PROMOTED—EXACT LOCATOR/APPROVAL REQUIRED","SUPPORTING DESIGN ONLY—EXACT LOCATOR/APPROVAL REQUIRED","NOT FULLY PROMOTED—VALIDATE APPLICABILITY/LOCATOR","NOT FULLY PROMOTED—VALIDATE APPLICABILITY/LOCATOR","NOT FULLY PROMOTED—VALIDATE APPLICABILITY/LOCATOR","OPEN—NO UAT/ACCEPTANCE/G9 PROMOTION","Not stated in retrieved authoritative source","EM-OPS-479-486_B3_P0_Actual_Evidence_Recovery_Queue_v1: 48/48 BRD→SRS mapped (SRS-FR-2419–2466); exact design, implementation, test, UAT, release and ops evidence each 0/48; title/domain not supplied by this source. Consolidated BRD provides six pattern requirements, not domain title."
"484","REQ-48405","SRS-FR-2453","TRC-48405","XX05","Support controlled exception handling","SOURCE_REVIEWED_DOMAIN_TITLE_NOT_EVIDENCED","NOT_PROMOTED—EXACT LOCATOR/APPROVAL REQUIRED","SUPPORTING DESIGN ONLY—EXACT LOCATOR/APPROVAL REQUIRED","NOT FULLY PROMOTED—VALIDATE APPLICABILITY/LOCATOR","NOT FULLY PROMOTED—VALIDATE APPLICABILITY/LOCATOR","NOT FULLY PROMOTED—VALIDATE APPLICABILITY/LOCATOR","OPEN—NO UAT/ACCEPTANCE/G9 PROMOTION","Not stated in retrieved authoritative source","EM-OPS-479-486_B3_P0_Actual_Evidence_Recovery_Queue_v1: 48/48 BRD→SRS mapped (SRS-FR-2419–2466); exact design, implementation, test, UAT, release and ops evidence each 0/48; title/domain not supplied by this source. Consolidated BRD provides six pattern requirements, not domain title."
"484","REQ-48406","SRS-FR-2454","TRC-48406","XX06","Provide governed reporting for status, exceptions and performance","SOURCE_REVIEWED_DOMAIN_TITLE_NOT_EVIDENCED","NOT_PROMOTED—EXACT LOCATOR/APPROVAL REQUIRED","SUPPORTING DESIGN ONLY—EXACT LOCATOR/APPROVAL REQUIRED","NOT FULLY PROMOTED—VALIDATE APPLICABILITY/LOCATOR","NOT FULLY PROMOTED—VALIDATE APPLICABILITY/LOCATOR","NOT FULLY PROMOTED—VALIDATE APPLICABILITY/LOCATOR","OPEN—NO UAT/ACCEPTANCE/G9 PROMOTION","Not stated in retrieved authoritative source","EM-OPS-479-486_B3_P0_Actual_Evidence_Recovery_Queue_v1: 48/48 BRD→SRS mapped (SRS-FR-2419–2466); exact design, implementation, test, UAT, release and ops evidence each 0/48; title/domain not supplied by this source. Consolidated BRD provides six pattern requirements, not domain title."
"485","REQ-48501","SRS-FR-2455","TRC-48501","XX01","Maintain authoritative records and lifecycle history","SOURCE_REVIEWED_DOMAIN_TITLE_NOT_EVIDENCED","NOT_PROMOTED—EXACT LOCATOR/APPROVAL REQUIRED","SUPPORTING DESIGN ONLY—EXACT LOCATOR/APPROVAL REQUIRED","NOT FULLY PROMOTED—VALIDATE APPLICABILITY/LOCATOR","NOT FULLY PROMOTED—VALIDATE APPLICABILITY/LOCATOR","NOT FULLY PROMOTED—VALIDATE APPLICABILITY/LOCATOR","OPEN—NO UAT/ACCEPTANCE/G9 PROMOTION","Not stated in retrieved authoritative source","EM-OPS-479-486_B3_P0_Actual_Evidence_Recovery_Queue_v1: 48/48 BRD→SRS mapped (SRS-FR-2419–2466); exact design, implementation, test, UAT, release and ops evidence each 0/48; title/domain not supplied by this source. Consolidated BRD provides six pattern requirements, not domain title."
"485","REQ-48502","SRS-FR-2456","TRC-48502","XX02","Enforce role-based authorization before material actions","SOURCE_REVIEWED_DOMAIN_TITLE_NOT_EVIDENCED","NOT_PROMOTED—EXACT LOCATOR/APPROVAL REQUIRED","SUPPORTING DESIGN ONLY—EXACT LOCATOR/APPROVAL REQUIRED","NOT FULLY PROMOTED—VALIDATE APPLICABILITY/LOCATOR","NOT FULLY PROMOTED—VALIDATE APPLICABILITY/LOCATOR","NOT FULLY PROMOTED—VALIDATE APPLICABILITY/LOCATOR","OPEN—NO UAT/ACCEPTANCE/G9 PROMOTION","Not stated in retrieved authoritative source","EM-OPS-479-486_B3_P0_Actual_Evidence_Recovery_Queue_v1: 48/48 BRD→SRS mapped (SRS-FR-2419–2466); exact design, implementation, test, UAT, release and ops evidence each 0/48; title/domain not supplied by this source. Consolidated BRD provides six pattern requirements, not domain title."
"485","REQ-48503","SRS-FR-2457","TRC-48503","XX03","Validate mandatory business conditions before material changes","SOURCE_REVIEWED_DOMAIN_TITLE_NOT_EVIDENCED","NOT_PROMOTED—EXACT LOCATOR/APPROVAL REQUIRED","SUPPORTING DESIGN ONLY—EXACT LOCATOR/APPROVAL REQUIRED","NOT FULLY PROMOTED—VALIDATE APPLICABILITY/LOCATOR","NOT FULLY PROMOTED—VALIDATE APPLICABILITY/LOCATOR","NOT FULLY PROMOTED—VALIDATE APPLICABILITY/LOCATOR","OPEN—NO UAT/ACCEPTANCE/G9 PROMOTION","Not stated in retrieved authoritative source","EM-OPS-479-486_B3_P0_Actual_Evidence_Recovery_Queue_v1: 48/48 BRD→SRS mapped (SRS-FR-2419–2466); exact design, implementation, test, UAT, release and ops evidence each 0/48; title/domain not supplied by this source. Consolidated BRD provides six pattern requirements, not domain title."
"485","REQ-48504","SRS-FR-2458","TRC-48504","XX04","Preserve audit evidence for material events","SOURCE_REVIEWED_DOMAIN_TITLE_NOT_EVIDENCED","NOT_PROMOTED—EXACT LOCATOR/APPROVAL REQUIRED","SUPPORTING DESIGN ONLY—EXACT LOCATOR/APPROVAL REQUIRED","NOT FULLY PROMOTED—VALIDATE APPLICABILITY/LOCATOR","NOT FULLY PROMOTED—VALIDATE APPLICABILITY/LOCATOR","NOT FULLY PROMOTED—VALIDATE APPLICABILITY/LOCATOR","OPEN—NO UAT/ACCEPTANCE/G9 PROMOTION","Not stated in retrieved authoritative source","EM-OPS-479-486_B3_P0_Actual_Evidence_Recovery_Queue_v1: 48/48 BRD→SRS mapped (SRS-FR-2419–2466); exact design, implementation, test, UAT, release and ops evidence each 0/48; title/domain not supplied by this source. Consolidated BRD provides six pattern requirements, not domain title."
"485","REQ-48505","SRS-FR-2459","TRC-48505","XX05","Support controlled exception handling","SOURCE_REVIEWED_DOMAIN_TITLE_NOT_EVIDENCED","NOT_PROMOTED—EXACT LOCATOR/APPROVAL REQUIRED","SUPPORTING DESIGN ONLY—EXACT LOCATOR/APPROVAL REQUIRED","NOT FULLY PROMOTED—VALIDATE APPLICABILITY/LOCATOR","NOT FULLY PROMOTED—VALIDATE APPLICABILITY/LOCATOR","NOT FULLY PROMOTED—VALIDATE APPLICABILITY/LOCATOR","OPEN—NO UAT/ACCEPTANCE/G9 PROMOTION","Not stated in retrieved authoritative source","EM-OPS-479-486_B3_P0_Actual_Evidence_Recovery_Queue_v1: 48/48 BRD→SRS mapped (SRS-FR-2419–2466); exact design, implementation, test, UAT, release and ops evidence each 0/48; title/domain not supplied by this source. Consolidated BRD provides six pattern requirements, not domain title."
"485","REQ-48506","SRS-FR-2460","TRC-48506","XX06","Provide governed reporting for status, exceptions and performance","SOURCE_REVIEWED_DOMAIN_TITLE_NOT_EVIDENCED","NOT_PROMOTED—EXACT LOCATOR/APPROVAL REQUIRED","SUPPORTING DESIGN ONLY—EXACT LOCATOR/APPROVAL REQUIRED","NOT FULLY PROMOTED—VALIDATE APPLICABILITY/LOCATOR","NOT FULLY PROMOTED—VALIDATE APPLICABILITY/LOCATOR","NOT FULLY PROMOTED—VALIDATE APPLICABILITY/LOCATOR","OPEN—NO UAT/ACCEPTANCE/G9 PROMOTION","Not stated in retrieved authoritative source","EM-OPS-479-486_B3_P0_Actual_Evidence_Recovery_Queue_v1: 48/48 BRD→SRS mapped (SRS-FR-2419–2466); exact design, implementation, test, UAT, release and ops evidence each 0/48; title/domain not supplied by this source. Consolidated BRD provides six pattern requirements, not domain title."
"486","REQ-48601","SRS-FR-2461","TRC-48601","XX01","Maintain authoritative records and lifecycle history","SOURCE_REVIEWED_DOMAIN_TITLE_NOT_EVIDENCED","NOT_PROMOTED—EXACT LOCATOR/APPROVAL REQUIRED","SUPPORTING DESIGN ONLY—EXACT LOCATOR/APPROVAL REQUIRED","NOT FULLY PROMOTED—VALIDATE APPLICABILITY/LOCATOR","NOT FULLY PROMOTED—VALIDATE APPLICABILITY/LOCATOR","NOT FULLY PROMOTED—VALIDATE APPLICABILITY/LOCATOR","OPEN—NO UAT/ACCEPTANCE/G9 PROMOTION","Not stated in retrieved authoritative source","EM-OPS-479-486_B3_P0_Actual_Evidence_Recovery_Queue_v1: 48/48 BRD→SRS mapped (SRS-FR-2419–2466); exact design, implementation, test, UAT, release and ops evidence each 0/48; title/domain not supplied by this source. Consolidated BRD provides six pattern requirements, not domain title."
"486","REQ-48602","SRS-FR-2462","TRC-48602","XX02","Enforce role-based authorization before material actions","SOURCE_REVIEWED_DOMAIN_TITLE_NOT_EVIDENCED","NOT_PROMOTED—EXACT LOCATOR/APPROVAL REQUIRED","SUPPORTING DESIGN ONLY—EXACT LOCATOR/APPROVAL REQUIRED","NOT FULLY PROMOTED—VALIDATE APPLICABILITY/LOCATOR","NOT FULLY PROMOTED—VALIDATE APPLICABILITY/LOCATOR","NOT FULLY PROMOTED—VALIDATE APPLICABILITY/LOCATOR","OPEN—NO UAT/ACCEPTANCE/G9 PROMOTION","Not stated in retrieved authoritative source","EM-OPS-479-486_B3_P0_Actual_Evidence_Recovery_Queue_v1: 48/48 BRD→SRS mapped (SRS-FR-2419–2466); exact design, implementation, test, UAT, release and ops evidence each 0/48; title/domain not supplied by this source. Consolidated BRD provides six pattern requirements, not domain title."
"486","REQ-48603","SRS-FR-2463","TRC-48603","XX03","Validate mandatory business conditions before material changes","SOURCE_REVIEWED_DOMAIN_TITLE_NOT_EVIDENCED","NOT_PROMOTED—EXACT LOCATOR/APPROVAL REQUIRED","SUPPORTING DESIGN ONLY—EXACT LOCATOR/APPROVAL REQUIRED","NOT FULLY PROMOTED—VALIDATE APPLICABILITY/LOCATOR","NOT FULLY PROMOTED—VALIDATE APPLICABILITY/LOCATOR","NOT FULLY PROMOTED—VALIDATE APPLICABILITY/LOCATOR","OPEN—NO UAT/ACCEPTANCE/G9 PROMOTION","Not stated in retrieved authoritative source","EM-OPS-479-486_B3_P0_Actual_Evidence_Recovery_Queue_v1: 48/48 BRD→SRS mapped (SRS-FR-2419–2466); exact design, implementation, test, UAT, release and ops evidence each 0/48; title/domain not supplied by this source. Consolidated BRD provides six pattern requirements, not domain title."
"486","REQ-48604","SRS-FR-2464","TRC-48604","XX04","Preserve audit evidence for material events","SOURCE_REVIEWED_DOMAIN_TITLE_NOT_EVIDENCED","NOT_PROMOTED—EXACT LOCATOR/APPROVAL REQUIRED","SUPPORTING DESIGN ONLY—EXACT LOCATOR/APPROVAL REQUIRED","NOT FULLY PROMOTED—VALIDATE APPLICABILITY/LOCATOR","NOT FULLY PROMOTED—VALIDATE APPLICABILITY/LOCATOR","NOT FULLY PROMOTED—VALIDATE APPLICABILITY/LOCATOR","OPEN—NO UAT/ACCEPTANCE/G9 PROMOTION","Not stated in retrieved authoritative source","EM-OPS-479-486_B3_P0_Actual_Evidence_Recovery_Queue_v1: 48/48 BRD→SRS mapped (SRS-FR-2419–2466); exact design, implementation, test, UAT, release and ops evidence each 0/48; title/domain not supplied by this source. Consolidated BRD provides six pattern requirements, not domain title."
"486","REQ-48605","SRS-FR-2465","TRC-48605","XX05","Support controlled exception handling","SOURCE_REVIEWED_DOMAIN_TITLE_NOT_EVIDENCED","NOT_PROMOTED—EXACT LOCATOR/APPROVAL REQUIRED","SUPPORTING DESIGN ONLY—EXACT LOCATOR/APPROVAL REQUIRED","NOT FULLY PROMOTED—VALIDATE APPLICABILITY/LOCATOR","NOT FULLY PROMOTED—VALIDATE APPLICABILITY/LOCATOR","NOT FULLY PROMOTED—VALIDATE APPLICABILITY/LOCATOR","OPEN—NO UAT/ACCEPTANCE/G9 PROMOTION","Not stated in retrieved authoritative source","EM-OPS-479-486_B3_P0_Actual_Evidence_Recovery_Queue_v1: 48/48 BRD→SRS mapped (SRS-FR-2419–2466); exact design, implementation, test, UAT, release and ops evidence each 0/48; title/domain not supplied by this source. Consolidated BRD provides six pattern requirements, not domain title."
"486","REQ-48606","SRS-FR-2466","TRC-48606","XX06","Provide governed reporting for status, exceptions and performance","SOURCE_REVIEWED_DOMAIN_TITLE_NOT_EVIDENCED","NOT_PROMOTED—EXACT LOCATOR/APPROVAL REQUIRED","SUPPORTING DESIGN ONLY—EXACT LOCATOR/APPROVAL REQUIRED","NOT FULLY PROMOTED—VALIDATE APPLICABILITY/LOCATOR","NOT FULLY PROMOTED—VALIDATE APPLICABILITY/LOCATOR","NOT FULLY PROMOTED—VALIDATE APPLICABILITY/LOCATOR","OPEN—NO UAT/ACCEPTANCE/G9 PROMOTION","Not stated in retrieved authoritative source","EM-OPS-479-486_B3_P0_Actual_Evidence_Recovery_Queue_v1: 48/48 BRD→SRS mapped (SRS-FR-2419–2466); exact design, implementation, test, UAT, release and ops evidence each 0/48; title/domain not supplied by this source. Consolidated BRD provides six pattern requirements, not domain title."
"487","REQ-48701","SRS-FR-2467","TRC-48701","XX01","Maintain authoritative records and lifecycle history","SOURCE_REVIEWED_DOMAIN_TITLE_NOT_EVIDENCED","NOT_PROMOTED—EXACT LOCATOR/APPROVAL REQUIRED","SUPPORTING DESIGN ONLY—EXACT LOCATOR/APPROVAL REQUIRED","NOT FULLY PROMOTED—VALIDATE APPLICABILITY/LOCATOR","NOT FULLY PROMOTED—VALIDATE APPLICABILITY/LOCATOR","NOT FULLY PROMOTED—VALIDATE APPLICABILITY/LOCATOR","OPEN—NO UAT/ACCEPTANCE/G9 PROMOTION","Not stated in retrieved authoritative source","EM-OPS-020 §7 says titles for Chapters 479–500 were not sufficiently precise in that pass; consolidated BRD maps six recurring requirement patterns but does not establish domain title. Do not infer title from requirement pattern."
"487","REQ-48702","SRS-FR-2468","TRC-48702","XX02","Enforce role-based authorization before material actions","SOURCE_REVIEWED_DOMAIN_TITLE_NOT_EVIDENCED","NOT_PROMOTED—EXACT LOCATOR/APPROVAL REQUIRED","SUPPORTING DESIGN ONLY—EXACT LOCATOR/APPROVAL REQUIRED","NOT FULLY PROMOTED—VALIDATE APPLICABILITY/LOCATOR","NOT FULLY PROMOTED—VALIDATE APPLICABILITY/LOCATOR","NOT FULLY PROMOTED—VALIDATE APPLICABILITY/LOCATOR","OPEN—NO UAT/ACCEPTANCE/G9 PROMOTION","Not stated in retrieved authoritative source","EM-OPS-020 §7 says titles for Chapters 479–500 were not sufficiently precise in that pass; consolidated BRD maps six recurring requirement patterns but does not establish domain title. Do not infer title from requirement pattern."
"487","REQ-48703","SRS-FR-2469","TRC-48703","XX03","Validate mandatory business conditions before material changes","SOURCE_REVIEWED_DOMAIN_TITLE_NOT_EVIDENCED","NOT_PROMOTED—EXACT LOCATOR/APPROVAL REQUIRED","SUPPORTING DESIGN ONLY—EXACT LOCATOR/APPROVAL REQUIRED","NOT FULLY PROMOTED—VALIDATE APPLICABILITY/LOCATOR","NOT FULLY PROMOTED—VALIDATE APPLICABILITY/LOCATOR","NOT FULLY PROMOTED—VALIDATE APPLICABILITY/LOCATOR","OPEN—NO UAT/ACCEPTANCE/G9 PROMOTION","Not stated in retrieved authoritative source","EM-OPS-020 §7 says titles for Chapters 479–500 were not sufficiently precise in that pass; consolidated BRD maps six recurring requirement patterns but does not establish domain title. Do not infer title from requirement pattern."
"487","REQ-48704","SRS-FR-2470","TRC-48704","XX04","Preserve audit evidence for material events","SOURCE_REVIEWED_DOMAIN_TITLE_NOT_EVIDENCED","NOT_PROMOTED—EXACT LOCATOR/APPROVAL REQUIRED","SUPPORTING DESIGN ONLY—EXACT LOCATOR/APPROVAL REQUIRED","NOT FULLY PROMOTED—VALIDATE APPLICABILITY/LOCATOR","NOT FULLY PROMOTED—VALIDATE APPLICABILITY/LOCATOR","NOT FULLY PROMOTED—VALIDATE APPLICABILITY/LOCATOR","OPEN—NO UAT/ACCEPTANCE/G9 PROMOTION","Not stated in retrieved authoritative source","EM-OPS-020 §7 says titles for Chapters 479–500 were not sufficiently precise in that pass; consolidated BRD maps six recurring requirement patterns but does not establish domain title. Do not infer title from requirement pattern."
"487","REQ-48705","SRS-FR-2471","TRC-48705","XX05","Support controlled exception handling","SOURCE_REVIEWED_DOMAIN_TITLE_NOT_EVIDENCED","NOT_PROMOTED—EXACT LOCATOR/APPROVAL REQUIRED","SUPPORTING DESIGN ONLY—EXACT LOCATOR/APPROVAL REQUIRED","NOT FULLY PROMOTED—VALIDATE APPLICABILITY/LOCATOR","NOT FULLY PROMOTED—VALIDATE APPLICABILITY/LOCATOR","NOT FULLY PROMOTED—VALIDATE APPLICABILITY/LOCATOR","OPEN—NO UAT/ACCEPTANCE/G9 PROMOTION","Not stated in retrieved authoritative source","EM-OPS-020 §7 says titles for Chapters 479–500 were not sufficiently precise in that pass; consolidated BRD maps six recurring requirement patterns but does not establish domain title. Do not infer title from requirement pattern."
"487","REQ-48706","SRS-FR-2472","TRC-48706","XX06","Provide governed reporting for status, exceptions and performance","SOURCE_REVIEWED_DOMAIN_TITLE_NOT_EVIDENCED","NOT_PROMOTED—EXACT LOCATOR/APPROVAL REQUIRED","SUPPORTING DESIGN ONLY—EXACT LOCATOR/APPROVAL REQUIRED","NOT FULLY PROMOTED—VALIDATE APPLICABILITY/LOCATOR","NOT FULLY PROMOTED—VALIDATE APPLICABILITY/LOCATOR","NOT FULLY PROMOTED—VALIDATE APPLICABILITY/LOCATOR","OPEN—NO UAT/ACCEPTANCE/G9 PROMOTION","Not stated in retrieved authoritative source","EM-OPS-020 §7 says titles for Chapters 479–500 were not sufficiently precise in that pass; consolidated BRD maps six recurring requirement patterns but does not establish domain title. Do not infer title from requirement pattern."
"488","REQ-48801","SRS-FR-2473","TRC-48801","XX01","Maintain authoritative records and lifecycle history","SOURCE_REVIEWED_DOMAIN_TITLE_NOT_EVIDENCED","NOT_PROMOTED—EXACT LOCATOR/APPROVAL REQUIRED","SUPPORTING DESIGN ONLY—EXACT LOCATOR/APPROVAL REQUIRED","NOT FULLY PROMOTED—VALIDATE APPLICABILITY/LOCATOR","NOT FULLY PROMOTED—VALIDATE APPLICABILITY/LOCATOR","NOT FULLY PROMOTED—VALIDATE APPLICABILITY/LOCATOR","OPEN—NO UAT/ACCEPTANCE/G9 PROMOTION","Not stated in retrieved authoritative source","EM-OPS-020 §7 says titles for Chapters 479–500 were not sufficiently precise in that pass; consolidated BRD maps six recurring requirement patterns but does not establish domain title. Do not infer title from requirement pattern."
"488","REQ-48802","SRS-FR-2474","TRC-48802","XX02","Enforce role-based authorization before material actions","SOURCE_REVIEWED_DOMAIN_TITLE_NOT_EVIDENCED","NOT_PROMOTED—EXACT LOCATOR/APPROVAL REQUIRED","SUPPORTING DESIGN ONLY—EXACT LOCATOR/APPROVAL REQUIRED","NOT FULLY PROMOTED—VALIDATE APPLICABILITY/LOCATOR","NOT FULLY PROMOTED—VALIDATE APPLICABILITY/LOCATOR","NOT FULLY PROMOTED—VALIDATE APPLICABILITY/LOCATOR","OPEN—NO UAT/ACCEPTANCE/G9 PROMOTION","Not stated in retrieved authoritative source","EM-OPS-020 §7 says titles for Chapters 479–500 were not sufficiently precise in that pass; consolidated BRD maps six recurring requirement patterns but does not establish domain title. Do not infer title from requirement pattern."
"488","REQ-48803","SRS-FR-2475","TRC-48803","XX03","Validate mandatory business conditions before material changes","SOURCE_REVIEWED_DOMAIN_TITLE_NOT_EVIDENCED","NOT_PROMOTED—EXACT LOCATOR/APPROVAL REQUIRED","SUPPORTING DESIGN ONLY—EXACT LOCATOR/APPROVAL REQUIRED","NOT FULLY PROMOTED—VALIDATE APPLICABILITY/LOCATOR","NOT FULLY PROMOTED—VALIDATE APPLICABILITY/LOCATOR","NOT FULLY PROMOTED—VALIDATE APPLICABILITY/LOCATOR","OPEN—NO UAT/ACCEPTANCE/G9 PROMOTION","Not stated in retrieved authoritative source","EM-OPS-020 §7 says titles for Chapters 479–500 were not sufficiently precise in that pass; consolidated BRD maps six recurring requirement patterns but does not establish domain title. Do not infer title from requirement pattern."
"488","REQ-48804","SRS-FR-2476","TRC-48804","XX04","Preserve audit evidence for material events","SOURCE_REVIEWED_DOMAIN_TITLE_NOT_EVIDENCED","NOT_PROMOTED—EXACT LOCATOR/APPROVAL REQUIRED","SUPPORTING DESIGN ONLY—EXACT LOCATOR/APPROVAL REQUIRED","NOT FULLY PROMOTED—VALIDATE APPLICABILITY/LOCATOR","NOT FULLY PROMOTED—VALIDATE APPLICABILITY/LOCATOR","NOT FULLY PROMOTED—VALIDATE APPLICABILITY/LOCATOR","OPEN—NO UAT/ACCEPTANCE/G9 PROMOTION","Not stated in retrieved authoritative source","EM-OPS-020 §7 says titles for Chapters 479–500 were not sufficiently precise in that pass; consolidated BRD maps six recurring requirement patterns but does not establish domain title. Do not infer title from requirement pattern."
"488","REQ-48805","SRS-FR-2477","TRC-48805","XX05","Support controlled exception handling","SOURCE_REVIEWED_DOMAIN_TITLE_NOT_EVIDENCED","NOT_PROMOTED—EXACT LOCATOR/APPROVAL REQUIRED","SUPPORTING DESIGN ONLY—EXACT LOCATOR/APPROVAL REQUIRED","NOT FULLY PROMOTED—VALIDATE APPLICABILITY/LOCATOR","NOT FULLY PROMOTED—VALIDATE APPLICABILITY/LOCATOR","NOT FULLY PROMOTED—VALIDATE APPLICABILITY/LOCATOR","OPEN—NO UAT/ACCEPTANCE/G9 PROMOTION","Not stated in retrieved authoritative source","EM-OPS-020 §7 says titles for Chapters 479–500 were not sufficiently precise in that pass; consolidated BRD maps six recurring requirement patterns but does not establish domain title. Do not infer title from requirement pattern."
"488","REQ-48806","SRS-FR-2478","TRC-48806","XX06","Provide governed reporting for status, exceptions and performance","SOURCE_REVIEWED_DOMAIN_TITLE_NOT_EVIDENCED","NOT_PROMOTED—EXACT LOCATOR/APPROVAL REQUIRED","SUPPORTING DESIGN ONLY—EXACT LOCATOR/APPROVAL REQUIRED","NOT FULLY PROMOTED—VALIDATE APPLICABILITY/LOCATOR","NOT FULLY PROMOTED—VALIDATE APPLICABILITY/LOCATOR","NOT FULLY PROMOTED—VALIDATE APPLICABILITY/LOCATOR","OPEN—NO UAT/ACCEPTANCE/G9 PROMOTION","Not stated in retrieved authoritative source","EM-OPS-020 §7 says titles for Chapters 479–500 were not sufficiently precise in that pass; consolidated BRD maps six recurring requirement patterns but does not establish domain title. Do not infer title from requirement pattern."
"489","REQ-48901","SRS-FR-2479","TRC-48901","XX01","Maintain authoritative records and lifecycle history","DOMAIN_TITLE_NOT_ESTABLISHED_BY_RETRIEVED_SOURCE","NOT_PROMOTED—EXACT LOCATOR/APPROVAL REQUIRED","SUPPORTING DESIGN ONLY—EXACT LOCATOR/APPROVAL REQUIRED","NOT FULLY PROMOTED—VALIDATE APPLICABILITY/LOCATOR","NOT FULLY PROMOTED—VALIDATE APPLICABILITY/LOCATOR","NOT FULLY PROMOTED—VALIDATE APPLICABILITY/LOCATOR","OPEN—NO UAT/ACCEPTANCE/G9 PROMOTION","Not stated in retrieved authoritative source","Existing submitted evidence inventory lists chapter-specific execution/evidence packs for Chapter 489; presence in ZIP inventory does not prove content or authoritative domain title. EM-OPS-SOURCE_Evidence_Intake_Tracker_463_500_v2 marks authoritative source evidence pending and status OPEN. BRD→SRS pattern mapping exists; exact approved design/contracts/test/UAT/release evidence must be retrieved and inspected before promotion."
"489","REQ-48902","SRS-FR-2480","TRC-48902","XX02","Enforce role-based authorization before material actions","DOMAIN_TITLE_NOT_ESTABLISHED_BY_RETRIEVED_SOURCE","NOT_PROMOTED—EXACT LOCATOR/APPROVAL REQUIRED","SUPPORTING DESIGN ONLY—EXACT LOCATOR/APPROVAL REQUIRED","NOT FULLY PROMOTED—VALIDATE APPLICABILITY/LOCATOR","NOT FULLY PROMOTED—VALIDATE APPLICABILITY/LOCATOR","NOT FULLY PROMOTED—VALIDATE APPLICABILITY/LOCATOR","OPEN—NO UAT/ACCEPTANCE/G9 PROMOTION","Not stated in retrieved authoritative source","Existing submitted evidence inventory lists chapter-specific execution/evidence packs for Chapter 489; presence in ZIP inventory does not prove content or authoritative domain title. EM-OPS-SOURCE_Evidence_Intake_Tracker_463_500_v2 marks authoritative source evidence pending and status OPEN. BRD→SRS pattern mapping exists; exact approved design/contracts/test/UAT/release evidence must be retrieved and inspected before promotion."
"489","REQ-48903","SRS-FR-2481","TRC-48903","XX03","Validate mandatory business conditions before material changes","DOMAIN_TITLE_NOT_ESTABLISHED_BY_RETRIEVED_SOURCE","NOT_PROMOTED—EXACT LOCATOR/APPROVAL REQUIRED","SUPPORTING DESIGN ONLY—EXACT LOCATOR/APPROVAL REQUIRED","NOT FULLY PROMOTED—VALIDATE APPLICABILITY/LOCATOR","NOT FULLY PROMOTED—VALIDATE APPLICABILITY/LOCATOR","NOT FULLY PROMOTED—VALIDATE APPLICABILITY/LOCATOR","OPEN—NO UAT/ACCEPTANCE/G9 PROMOTION","Not stated in retrieved authoritative source","Existing submitted evidence inventory lists chapter-specific execution/evidence packs for Chapter 489; presence in ZIP inventory does not prove content or authoritative domain title. EM-OPS-SOURCE_Evidence_Intake_Tracker_463_500_v2 marks authoritative source evidence pending and status OPEN. BRD→SRS pattern mapping exists; exact approved design/contracts/test/UAT/release evidence must be retrieved and inspected before promotion."
"489","REQ-48904","SRS-FR-2482","TRC-48904","XX04","Preserve audit evidence for material events","DOMAIN_TITLE_NOT_ESTABLISHED_BY_RETRIEVED_SOURCE","NOT_PROMOTED—EXACT LOCATOR/APPROVAL REQUIRED","SUPPORTING DESIGN ONLY—EXACT LOCATOR/APPROVAL REQUIRED","NOT FULLY PROMOTED—VALIDATE APPLICABILITY/LOCATOR","NOT FULLY PROMOTED—VALIDATE APPLICABILITY/LOCATOR","NOT FULLY PROMOTED—VALIDATE APPLICABILITY/LOCATOR","OPEN—NO UAT/ACCEPTANCE/G9 PROMOTION","Not stated in retrieved authoritative source","Existing submitted evidence inventory lists chapter-specific execution/evidence packs for Chapter 489; presence in ZIP inventory does not prove content or authoritative domain title. EM-OPS-SOURCE_Evidence_Intake_Tracker_463_500_v2 marks authoritative source evidence pending and status OPEN. BRD→SRS pattern mapping exists; exact approved design/contracts/test/UAT/release evidence must be retrieved and inspected before promotion."
"489","REQ-48905","SRS-FR-2483","TRC-48905","XX05","Support controlled exception handling","DOMAIN_TITLE_NOT_ESTABLISHED_BY_RETRIEVED_SOURCE","NOT_PROMOTED—EXACT LOCATOR/APPROVAL REQUIRED","SUPPORTING DESIGN ONLY—EXACT LOCATOR/APPROVAL REQUIRED","NOT FULLY PROMOTED—VALIDATE APPLICABILITY/LOCATOR","NOT FULLY PROMOTED—VALIDATE APPLICABILITY/LOCATOR","NOT FULLY PROMOTED—VALIDATE APPLICABILITY/LOCATOR","OPEN—NO UAT/ACCEPTANCE/G9 PROMOTION","Not stated in retrieved authoritative source","Existing submitted evidence inventory lists chapter-specific execution/evidence packs for Chapter 489; presence in ZIP inventory does not prove content or authoritative domain title. EM-OPS-SOURCE_Evidence_Intake_Tracker_463_500_v2 marks authoritative source evidence pending and status OPEN. BRD→SRS pattern mapping exists; exact approved design/contracts/test/UAT/release evidence must be retrieved and inspected before promotion."
"489","REQ-48906","SRS-FR-2484","TRC-48906","XX06","Provide governed reporting for status, exceptions and performance","DOMAIN_TITLE_NOT_ESTABLISHED_BY_RETRIEVED_SOURCE","NOT_PROMOTED—EXACT LOCATOR/APPROVAL REQUIRED","SUPPORTING DESIGN ONLY—EXACT LOCATOR/APPROVAL REQUIRED","NOT FULLY PROMOTED—VALIDATE APPLICABILITY/LOCATOR","NOT FULLY PROMOTED—VALIDATE APPLICABILITY/LOCATOR","NOT FULLY PROMOTED—VALIDATE APPLICABILITY/LOCATOR","OPEN—NO UAT/ACCEPTANCE/G9 PROMOTION","Not stated in retrieved authoritative source","Existing submitted evidence inventory lists chapter-specific execution/evidence packs for Chapter 489; presence in ZIP inventory does not prove content or authoritative domain title. EM-OPS-SOURCE_Evidence_Intake_Tracker_463_500_v2 marks authoritative source evidence pending and status OPEN. BRD→SRS pattern mapping exists; exact approved design/contracts/test/UAT/release evidence must be retrieved and inspected before promotion."
"490","REQ-49001","SRS-FR-2485","TRC-49001","XX01","Maintain authoritative records and lifecycle history","DOMAIN_TITLE_NOT_ESTABLISHED_BY_RETRIEVED_SOURCE","NOT_PROMOTED—EXACT LOCATOR/APPROVAL REQUIRED","SUPPORTING DESIGN ONLY—EXACT LOCATOR/APPROVAL REQUIRED","NOT FULLY PROMOTED—VALIDATE APPLICABILITY/LOCATOR","NOT FULLY PROMOTED—VALIDATE APPLICABILITY/LOCATOR","NOT FULLY PROMOTED—VALIDATE APPLICABILITY/LOCATOR","OPEN—NO UAT/ACCEPTANCE/G9 PROMOTION","Not stated in retrieved authoritative source","Existing submitted evidence inventory lists chapter-specific execution/evidence packs for Chapter 490; presence in ZIP inventory does not prove content or authoritative domain title. EM-OPS-SOURCE_Evidence_Intake_Tracker_463_500_v2 marks authoritative source evidence pending and status OPEN. BRD→SRS pattern mapping exists; exact approved design/contracts/test/UAT/release evidence must be retrieved and inspected before promotion."
"490","REQ-49002","SRS-FR-2486","TRC-49002","XX02","Enforce role-based authorization before material actions","DOMAIN_TITLE_NOT_ESTABLISHED_BY_RETRIEVED_SOURCE","NOT_PROMOTED—EXACT LOCATOR/APPROVAL REQUIRED","SUPPORTING DESIGN ONLY—EXACT LOCATOR/APPROVAL REQUIRED","NOT FULLY PROMOTED—VALIDATE APPLICABILITY/LOCATOR","NOT FULLY PROMOTED—VALIDATE APPLICABILITY/LOCATOR","NOT FULLY PROMOTED—VALIDATE APPLICABILITY/LOCATOR","OPEN—NO UAT/ACCEPTANCE/G9 PROMOTION","Not stated in retrieved authoritative source","Existing submitted evidence inventory lists chapter-specific execution/evidence packs for Chapter 490; presence in ZIP inventory does not prove content or authoritative domain title. EM-OPS-SOURCE_Evidence_Intake_Tracker_463_500_v2 marks authoritative source evidence pending and status OPEN. BRD→SRS pattern mapping exists; exact approved design/contracts/test/UAT/release evidence must be retrieved and inspected before promotion."
"490","REQ-49003","SRS-FR-2487","TRC-49003","XX03","Validate mandatory business conditions before material changes","DOMAIN_TITLE_NOT_ESTABLISHED_BY_RETRIEVED_SOURCE","NOT_PROMOTED—EXACT LOCATOR/APPROVAL REQUIRED","SUPPORTING DESIGN ONLY—EXACT LOCATOR/APPROVAL REQUIRED","NOT FULLY PROMOTED—VALIDATE APPLICABILITY/LOCATOR","NOT FULLY PROMOTED—VALIDATE APPLICABILITY/LOCATOR","NOT FULLY PROMOTED—VALIDATE APPLICABILITY/LOCATOR","OPEN—NO UAT/ACCEPTANCE/G9 PROMOTION","Not stated in retrieved authoritative source","Existing submitted evidence inventory lists chapter-specific execution/evidence packs for Chapter 490; presence in ZIP inventory does not prove content or authoritative domain title. EM-OPS-SOURCE_Evidence_Intake_Tracker_463_500_v2 marks authoritative source evidence pending and status OPEN. BRD→SRS pattern mapping exists; exact approved design/contracts/test/UAT/release evidence must be retrieved and inspected before promotion."
"490","REQ-49004","SRS-FR-2488","TRC-49004","XX04","Preserve audit evidence for material events","DOMAIN_TITLE_NOT_ESTABLISHED_BY_RETRIEVED_SOURCE","NOT_PROMOTED—EXACT LOCATOR/APPROVAL REQUIRED","SUPPORTING DESIGN ONLY—EXACT LOCATOR/APPROVAL REQUIRED","NOT FULLY PROMOTED—VALIDATE APPLICABILITY/LOCATOR","NOT FULLY PROMOTED—VALIDATE APPLICABILITY/LOCATOR","NOT FULLY PROMOTED—VALIDATE APPLICABILITY/LOCATOR","OPEN—NO UAT/ACCEPTANCE/G9 PROMOTION","Not stated in retrieved authoritative source","Existing submitted evidence inventory lists chapter-specific execution/evidence packs for Chapter 490; presence in ZIP inventory does not prove content or authoritative domain title. EM-OPS-SOURCE_Evidence_Intake_Tracker_463_500_v2 marks authoritative source evidence pending and status OPEN. BRD→SRS pattern mapping exists; exact approved design/contracts/test/UAT/release evidence must be retrieved and inspected before promotion."
"490","REQ-49005","SRS-FR-2489","TRC-49005","XX05","Support controlled exception handling","DOMAIN_TITLE_NOT_ESTABLISHED_BY_RETRIEVED_SOURCE","NOT_PROMOTED—EXACT LOCATOR/APPROVAL REQUIRED","SUPPORTING DESIGN ONLY—EXACT LOCATOR/APPROVAL REQUIRED","NOT FULLY PROMOTED—VALIDATE APPLICABILITY/LOCATOR","NOT FULLY PROMOTED—VALIDATE APPLICABILITY/LOCATOR","NOT FULLY PROMOTED—VALIDATE APPLICABILITY/LOCATOR","OPEN—NO UAT/ACCEPTANCE/G9 PROMOTION","Not stated in retrieved authoritative source","Existing submitted evidence inventory lists chapter-specific execution/evidence packs for Chapter 490; presence in ZIP inventory does not prove content or authoritative domain title. EM-OPS-SOURCE_Evidence_Intake_Tracker_463_500_v2 marks authoritative source evidence pending and status OPEN. BRD→SRS pattern mapping exists; exact approved design/contracts/test/UAT/release evidence must be retrieved and inspected before promotion."
"490","REQ-49006","SRS-FR-2490","TRC-49006","XX06","Provide governed reporting for status, exceptions and performance","DOMAIN_TITLE_NOT_ESTABLISHED_BY_RETRIEVED_SOURCE","NOT_PROMOTED—EXACT LOCATOR/APPROVAL REQUIRED","SUPPORTING DESIGN ONLY—EXACT LOCATOR/APPROVAL REQUIRED","NOT FULLY PROMOTED—VALIDATE APPLICABILITY/LOCATOR","NOT FULLY PROMOTED—VALIDATE APPLICABILITY/LOCATOR","NOT FULLY PROMOTED—VALIDATE APPLICABILITY/LOCATOR","OPEN—NO UAT/ACCEPTANCE/G9 PROMOTION","Not stated in retrieved authoritative source","Existing submitted evidence inventory lists chapter-specific execution/evidence packs for Chapter 490; presence in ZIP inventory does not prove content or authoritative domain title. EM-OPS-SOURCE_Evidence_Intake_Tracker_463_500_v2 marks authoritative source evidence pending and status OPEN. BRD→SRS pattern mapping exists; exact approved design/contracts/test/UAT/release evidence must be retrieved and inspected before promotion."
"491","REQ-49101","SRS-FR-2491","TRC-49101","XX01","Maintain authoritative records and lifecycle history","DOMAIN_TITLE_NOT_ESTABLISHED_BY_RETRIEVED_SOURCE","NOT_PROMOTED—EXACT LOCATOR/APPROVAL REQUIRED","SUPPORTING DESIGN ONLY—EXACT LOCATOR/APPROVAL REQUIRED","NOT FULLY PROMOTED—VALIDATE APPLICABILITY/LOCATOR","NOT FULLY PROMOTED—VALIDATE APPLICABILITY/LOCATOR","NOT FULLY PROMOTED—VALIDATE APPLICABILITY/LOCATOR","OPEN—NO UAT/ACCEPTANCE/G9 PROMOTION","Not stated in retrieved authoritative source","Existing submitted evidence inventory lists chapter-specific execution/evidence packs for Chapter 491; presence in ZIP inventory does not prove content or authoritative domain title. EM-OPS-SOURCE_Evidence_Intake_Tracker_463_500_v2 marks authoritative source evidence pending and status OPEN. BRD→SRS pattern mapping exists; exact approved design/contracts/test/UAT/release evidence must be retrieved and inspected before promotion."
"491","REQ-49102","SRS-FR-2492","TRC-49102","XX02","Enforce role-based authorization before material actions","DOMAIN_TITLE_NOT_ESTABLISHED_BY_RETRIEVED_SOURCE","NOT_PROMOTED—EXACT LOCATOR/APPROVAL REQUIRED","SUPPORTING DESIGN ONLY—EXACT LOCATOR/APPROVAL REQUIRED","NOT FULLY PROMOTED—VALIDATE APPLICABILITY/LOCATOR","NOT FULLY PROMOTED—VALIDATE APPLICABILITY/LOCATOR","NOT FULLY PROMOTED—VALIDATE APPLICABILITY/LOCATOR","OPEN—NO UAT/ACCEPTANCE/G9 PROMOTION","Not stated in retrieved authoritative source","Existing submitted evidence inventory lists chapter-specific execution/evidence packs for Chapter 491; presence in ZIP inventory does not prove content or authoritative domain title. EM-OPS-SOURCE_Evidence_Intake_Tracker_463_500_v2 marks authoritative source evidence pending and status OPEN. BRD→SRS pattern mapping exists; exact approved design/contracts/test/UAT/release evidence must be retrieved and inspected before promotion."
"491","REQ-49103","SRS-FR-2493","TRC-49103","XX03","Validate mandatory business conditions before material changes","DOMAIN_TITLE_NOT_ESTABLISHED_BY_RETRIEVED_SOURCE","NOT_PROMOTED—EXACT LOCATOR/APPROVAL REQUIRED","SUPPORTING DESIGN ONLY—EXACT LOCATOR/APPROVAL REQUIRED","NOT FULLY PROMOTED—VALIDATE APPLICABILITY/LOCATOR","NOT FULLY PROMOTED—VALIDATE APPLICABILITY/LOCATOR","NOT FULLY PROMOTED—VALIDATE APPLICABILITY/LOCATOR","OPEN—NO UAT/ACCEPTANCE/G9 PROMOTION","Not stated in retrieved authoritative source","Existing submitted evidence inventory lists chapter-specific execution/evidence packs for Chapter 491; presence in ZIP inventory does not prove content or authoritative domain title. EM-OPS-SOURCE_Evidence_Intake_Tracker_463_500_v2 marks authoritative source evidence pending and status OPEN. BRD→SRS pattern mapping exists; exact approved design/contracts/test/UAT/release evidence must be retrieved and inspected before promotion."
"491","REQ-49104","SRS-FR-2494","TRC-49104","XX04","Preserve audit evidence for material events","DOMAIN_TITLE_NOT_ESTABLISHED_BY_RETRIEVED_SOURCE","NOT_PROMOTED—EXACT LOCATOR/APPROVAL REQUIRED","SUPPORTING DESIGN ONLY—EXACT LOCATOR/APPROVAL REQUIRED","NOT FULLY PROMOTED—VALIDATE APPLICABILITY/LOCATOR","NOT FULLY PROMOTED—VALIDATE APPLICABILITY/LOCATOR","NOT FULLY PROMOTED—VALIDATE APPLICABILITY/LOCATOR","OPEN—NO UAT/ACCEPTANCE/G9 PROMOTION","Not stated in retrieved authoritative source","Existing submitted evidence inventory lists chapter-specific execution/evidence packs for Chapter 491; presence in ZIP inventory does not prove content or authoritative domain title. EM-OPS-SOURCE_Evidence_Intake_Tracker_463_500_v2 marks authoritative source evidence pending and status OPEN. BRD→SRS pattern mapping exists; exact approved design/contracts/test/UAT/release evidence must be retrieved and inspected before promotion."
"491","REQ-49105","SRS-FR-2495","TRC-49105","XX05","Support controlled exception handling","DOMAIN_TITLE_NOT_ESTABLISHED_BY_RETRIEVED_SOURCE","NOT_PROMOTED—EXACT LOCATOR/APPROVAL REQUIRED","SUPPORTING DESIGN ONLY—EXACT LOCATOR/APPROVAL REQUIRED","NOT FULLY PROMOTED—VALIDATE APPLICABILITY/LOCATOR","NOT FULLY PROMOTED—VALIDATE APPLICABILITY/LOCATOR","NOT FULLY PROMOTED—VALIDATE APPLICABILITY/LOCATOR","OPEN—NO UAT/ACCEPTANCE/G9 PROMOTION","Not stated in retrieved authoritative source","Existing submitted evidence inventory lists chapter-specific execution/evidence packs for Chapter 491; presence in ZIP inventory does not prove content or authoritative domain title. EM-OPS-SOURCE_Evidence_Intake_Tracker_463_500_v2 marks authoritative source evidence pending and status OPEN. BRD→SRS pattern mapping exists; exact approved design/contracts/test/UAT/release evidence must be retrieved and inspected before promotion."
"491","REQ-49106","SRS-FR-2496","TRC-49106","XX06","Provide governed reporting for status, exceptions and performance","DOMAIN_TITLE_NOT_ESTABLISHED_BY_RETRIEVED_SOURCE","NOT_PROMOTED—EXACT LOCATOR/APPROVAL REQUIRED","SUPPORTING DESIGN ONLY—EXACT LOCATOR/APPROVAL REQUIRED","NOT FULLY PROMOTED—VALIDATE APPLICABILITY/LOCATOR","NOT FULLY PROMOTED—VALIDATE APPLICABILITY/LOCATOR","NOT FULLY PROMOTED—VALIDATE APPLICABILITY/LOCATOR","OPEN—NO UAT/ACCEPTANCE/G9 PROMOTION","Not stated in retrieved authoritative source","Existing submitted evidence inventory lists chapter-specific execution/evidence packs for Chapter 491; presence in ZIP inventory does not prove content or authoritative domain title. EM-OPS-SOURCE_Evidence_Intake_Tracker_463_500_v2 marks authoritative source evidence pending and status OPEN. BRD→SRS pattern mapping exists; exact approved design/contracts/test/UAT/release evidence must be retrieved and inspected before promotion."
"492","REQ-49201","SRS-FR-2497","TRC-49201","XX01","Maintain authoritative records and lifecycle history","DOMAIN_TITLE_NOT_ESTABLISHED_BY_RETRIEVED_SOURCE","NOT_PROMOTED—EXACT LOCATOR/APPROVAL REQUIRED","SUPPORTING DESIGN ONLY—EXACT LOCATOR/APPROVAL REQUIRED","NOT FULLY PROMOTED—VALIDATE APPLICABILITY/LOCATOR","NOT FULLY PROMOTED—VALIDATE APPLICABILITY/LOCATOR","NOT FULLY PROMOTED—VALIDATE APPLICABILITY/LOCATOR","OPEN—NO UAT/ACCEPTANCE/G9 PROMOTION","Not stated in retrieved authoritative source","Existing submitted evidence inventory lists chapter-specific execution/evidence packs for Chapter 492; presence in ZIP inventory does not prove content or authoritative domain title. EM-OPS-SOURCE_Evidence_Intake_Tracker_463_500_v2 marks authoritative source evidence pending and status OPEN. BRD→SRS pattern mapping exists; exact approved design/contracts/test/UAT/release evidence must be retrieved and inspected before promotion."
"492","REQ-49202","SRS-FR-2498","TRC-49202","XX02","Enforce role-based authorization before material actions","DOMAIN_TITLE_NOT_ESTABLISHED_BY_RETRIEVED_SOURCE","NOT_PROMOTED—EXACT LOCATOR/APPROVAL REQUIRED","SUPPORTING DESIGN ONLY—EXACT LOCATOR/APPROVAL REQUIRED","NOT FULLY PROMOTED—VALIDATE APPLICABILITY/LOCATOR","NOT FULLY PROMOTED—VALIDATE APPLICABILITY/LOCATOR","NOT FULLY PROMOTED—VALIDATE APPLICABILITY/LOCATOR","OPEN—NO UAT/ACCEPTANCE/G9 PROMOTION","Not stated in retrieved authoritative source","Existing submitted evidence inventory lists chapter-specific execution/evidence packs for Chapter 492; presence in ZIP inventory does not prove content or authoritative domain title. EM-OPS-SOURCE_Evidence_Intake_Tracker_463_500_v2 marks authoritative source evidence pending and status OPEN. BRD→SRS pattern mapping exists; exact approved design/contracts/test/UAT/release evidence must be retrieved and inspected before promotion."
"492","REQ-49203","SRS-FR-2499","TRC-49203","XX03","Validate mandatory business conditions before material changes","DOMAIN_TITLE_NOT_ESTABLISHED_BY_RETRIEVED_SOURCE","NOT_PROMOTED—EXACT LOCATOR/APPROVAL REQUIRED","SUPPORTING DESIGN ONLY—EXACT LOCATOR/APPROVAL REQUIRED","NOT FULLY PROMOTED—VALIDATE APPLICABILITY/LOCATOR","NOT FULLY PROMOTED—VALIDATE APPLICABILITY/LOCATOR","NOT FULLY PROMOTED—VALIDATE APPLICABILITY/LOCATOR","OPEN—NO UAT/ACCEPTANCE/G9 PROMOTION","Not stated in retrieved authoritative source","Existing submitted evidence inventory lists chapter-specific execution/evidence packs for Chapter 492; presence in ZIP inventory does not prove content or authoritative domain title. EM-OPS-SOURCE_Evidence_Intake_Tracker_463_500_v2 marks authoritative source evidence pending and status OPEN. BRD→SRS pattern mapping exists; exact approved design/contracts/test/UAT/release evidence must be retrieved and inspected before promotion."
"492","REQ-49204","SRS-FR-2500","TRC-49204","XX04","Preserve audit evidence for material events","DOMAIN_TITLE_NOT_ESTABLISHED_BY_RETRIEVED_SOURCE","NOT_PROMOTED—EXACT LOCATOR/APPROVAL REQUIRED","SUPPORTING DESIGN ONLY—EXACT LOCATOR/APPROVAL REQUIRED","NOT FULLY PROMOTED—VALIDATE APPLICABILITY/LOCATOR","NOT FULLY PROMOTED—VALIDATE APPLICABILITY/LOCATOR","NOT FULLY PROMOTED—VALIDATE APPLICABILITY/LOCATOR","OPEN—NO UAT/ACCEPTANCE/G9 PROMOTION","Not stated in retrieved authoritative source","Existing submitted evidence inventory lists chapter-specific execution/evidence packs for Chapter 492; presence in ZIP inventory does not prove content or authoritative domain title. EM-OPS-SOURCE_Evidence_Intake_Tracker_463_500_v2 marks authoritative source evidence pending and status OPEN. BRD→SRS pattern mapping exists; exact approved design/contracts/test/UAT/release evidence must be retrieved and inspected before promotion."
"492","REQ-49205","SRS-FR-2501","TRC-49205","XX05","Support controlled exception handling","DOMAIN_TITLE_NOT_ESTABLISHED_BY_RETRIEVED_SOURCE","NOT_PROMOTED—EXACT LOCATOR/APPROVAL REQUIRED","SUPPORTING DESIGN ONLY—EXACT LOCATOR/APPROVAL REQUIRED","NOT FULLY PROMOTED—VALIDATE APPLICABILITY/LOCATOR","NOT FULLY PROMOTED—VALIDATE APPLICABILITY/LOCATOR","NOT FULLY PROMOTED—VALIDATE APPLICABILITY/LOCATOR","OPEN—NO UAT/ACCEPTANCE/G9 PROMOTION","Not stated in retrieved authoritative source","Existing submitted evidence inventory lists chapter-specific execution/evidence packs for Chapter 492; presence in ZIP inventory does not prove content or authoritative domain title. EM-OPS-SOURCE_Evidence_Intake_Tracker_463_500_v2 marks authoritative source evidence pending and status OPEN. BRD→SRS pattern mapping exists; exact approved design/contracts/test/UAT/release evidence must be retrieved and inspected before promotion."
"492","REQ-49206","SRS-FR-2502","TRC-49206","XX06","Provide governed reporting for status, exceptions and performance","DOMAIN_TITLE_NOT_ESTABLISHED_BY_RETRIEVED_SOURCE","NOT_PROMOTED—EXACT LOCATOR/APPROVAL REQUIRED","SUPPORTING DESIGN ONLY—EXACT LOCATOR/APPROVAL REQUIRED","NOT FULLY PROMOTED—VALIDATE APPLICABILITY/LOCATOR","NOT FULLY PROMOTED—VALIDATE APPLICABILITY/LOCATOR","NOT FULLY PROMOTED—VALIDATE APPLICABILITY/LOCATOR","OPEN—NO UAT/ACCEPTANCE/G9 PROMOTION","Not stated in retrieved authoritative source","Existing submitted evidence inventory lists chapter-specific execution/evidence packs for Chapter 492; presence in ZIP inventory does not prove content or authoritative domain title. EM-OPS-SOURCE_Evidence_Intake_Tracker_463_500_v2 marks authoritative source evidence pending and status OPEN. BRD→SRS pattern mapping exists; exact approved design/contracts/test/UAT/release evidence must be retrieved and inspected before promotion."
"493","REQ-49301","SRS-FR-2503","TRC-49301","XX01","Maintain authoritative records and lifecycle history","DOMAIN_TITLE_NOT_ESTABLISHED_BY_RETRIEVED_SOURCE","NOT_PROMOTED—EXACT LOCATOR/APPROVAL REQUIRED","SUPPORTING DESIGN ONLY—EXACT LOCATOR/APPROVAL REQUIRED","NOT FULLY PROMOTED—VALIDATE APPLICABILITY/LOCATOR","NOT FULLY PROMOTED—VALIDATE APPLICABILITY/LOCATOR","NOT FULLY PROMOTED—VALIDATE APPLICABILITY/LOCATOR","OPEN—NO UAT/ACCEPTANCE/G9 PROMOTION","Not stated in retrieved authoritative source","Existing submitted evidence inventory lists chapter-specific execution/evidence packs for Chapter 493; presence in ZIP inventory does not prove content or authoritative domain title. EM-OPS-SOURCE_Evidence_Intake_Tracker_463_500_v2 marks authoritative source evidence pending and status OPEN. BRD→SRS pattern mapping exists; exact approved design/contracts/test/UAT/release evidence must be retrieved and inspected before promotion."
"493","REQ-49302","SRS-FR-2504","TRC-49302","XX02","Enforce role-based authorization before material actions","DOMAIN_TITLE_NOT_ESTABLISHED_BY_RETRIEVED_SOURCE","NOT_PROMOTED—EXACT LOCATOR/APPROVAL REQUIRED","SUPPORTING DESIGN ONLY—EXACT LOCATOR/APPROVAL REQUIRED","NOT FULLY PROMOTED—VALIDATE APPLICABILITY/LOCATOR","NOT FULLY PROMOTED—VALIDATE APPLICABILITY/LOCATOR","NOT FULLY PROMOTED—VALIDATE APPLICABILITY/LOCATOR","OPEN—NO UAT/ACCEPTANCE/G9 PROMOTION","Not stated in retrieved authoritative source","Existing submitted evidence inventory lists chapter-specific execution/evidence packs for Chapter 493; presence in ZIP inventory does not prove content or authoritative domain title. EM-OPS-SOURCE_Evidence_Intake_Tracker_463_500_v2 marks authoritative source evidence pending and status OPEN. BRD→SRS pattern mapping exists; exact approved design/contracts/test/UAT/release evidence must be retrieved and inspected before promotion."
"493","REQ-49303","SRS-FR-2505","TRC-49303","XX03","Validate mandatory business conditions before material changes","DOMAIN_TITLE_NOT_ESTABLISHED_BY_RETRIEVED_SOURCE","NOT_PROMOTED—EXACT LOCATOR/APPROVAL REQUIRED","SUPPORTING DESIGN ONLY—EXACT LOCATOR/APPROVAL REQUIRED","NOT FULLY PROMOTED—VALIDATE APPLICABILITY/LOCATOR","NOT FULLY PROMOTED—VALIDATE APPLICABILITY/LOCATOR","NOT FULLY PROMOTED—VALIDATE APPLICABILITY/LOCATOR","OPEN—NO UAT/ACCEPTANCE/G9 PROMOTION","Not stated in retrieved authoritative source","Existing submitted evidence inventory lists chapter-specific execution/evidence packs for Chapter 493; presence in ZIP inventory does not prove content or authoritative domain title. EM-OPS-SOURCE_Evidence_Intake_Tracker_463_500_v2 marks authoritative source evidence pending and status OPEN. BRD→SRS pattern mapping exists; exact approved design/contracts/test/UAT/release evidence must be retrieved and inspected before promotion."
"493","REQ-49304","SRS-FR-2506","TRC-49304","XX04","Preserve audit evidence for material events","DOMAIN_TITLE_NOT_ESTABLISHED_BY_RETRIEVED_SOURCE","NOT_PROMOTED—EXACT LOCATOR/APPROVAL REQUIRED","SUPPORTING DESIGN ONLY—EXACT LOCATOR/APPROVAL REQUIRED","NOT FULLY PROMOTED—VALIDATE APPLICABILITY/LOCATOR","NOT FULLY PROMOTED—VALIDATE APPLICABILITY/LOCATOR","NOT FULLY PROMOTED—VALIDATE APPLICABILITY/LOCATOR","OPEN—NO UAT/ACCEPTANCE/G9 PROMOTION","Not stated in retrieved authoritative source","Existing submitted evidence inventory lists chapter-specific execution/evidence packs for Chapter 493; presence in ZIP inventory does not prove content or authoritative domain title. EM-OPS-SOURCE_Evidence_Intake_Tracker_463_500_v2 marks authoritative source evidence pending and status OPEN. BRD→SRS pattern mapping exists; exact approved design/contracts/test/UAT/release evidence must be retrieved and inspected before promotion."
"493","REQ-49305","SRS-FR-2507","TRC-49305","XX05","Support controlled exception handling","DOMAIN_TITLE_NOT_ESTABLISHED_BY_RETRIEVED_SOURCE","NOT_PROMOTED—EXACT LOCATOR/APPROVAL REQUIRED","SUPPORTING DESIGN ONLY—EXACT LOCATOR/APPROVAL REQUIRED","NOT FULLY PROMOTED—VALIDATE APPLICABILITY/LOCATOR","NOT FULLY PROMOTED—VALIDATE APPLICABILITY/LOCATOR","NOT FULLY PROMOTED—VALIDATE APPLICABILITY/LOCATOR","OPEN—NO UAT/ACCEPTANCE/G9 PROMOTION","Not stated in retrieved authoritative source","Existing submitted evidence inventory lists chapter-specific execution/evidence packs for Chapter 493; presence in ZIP inventory does not prove content or authoritative domain title. EM-OPS-SOURCE_Evidence_Intake_Tracker_463_500_v2 marks authoritative source evidence pending and status OPEN. BRD→SRS pattern mapping exists; exact approved design/contracts/test/UAT/release evidence must be retrieved and inspected before promotion."
"493","REQ-49306","SRS-FR-2508","TRC-49306","XX06","Provide governed reporting for status, exceptions and performance","DOMAIN_TITLE_NOT_ESTABLISHED_BY_RETRIEVED_SOURCE","NOT_PROMOTED—EXACT LOCATOR/APPROVAL REQUIRED","SUPPORTING DESIGN ONLY—EXACT LOCATOR/APPROVAL REQUIRED","NOT FULLY PROMOTED—VALIDATE APPLICABILITY/LOCATOR","NOT FULLY PROMOTED—VALIDATE APPLICABILITY/LOCATOR","NOT FULLY PROMOTED—VALIDATE APPLICABILITY/LOCATOR","OPEN—NO UAT/ACCEPTANCE/G9 PROMOTION","Not stated in retrieved authoritative source","Existing submitted evidence inventory lists chapter-specific execution/evidence packs for Chapter 493; presence in ZIP inventory does not prove content or authoritative domain title. EM-OPS-SOURCE_Evidence_Intake_Tracker_463_500_v2 marks authoritative source evidence pending and status OPEN. BRD→SRS pattern mapping exists; exact approved design/contracts/test/UAT/release evidence must be retrieved and inspected before promotion."
"494","REQ-49401","SRS-FR-2509","TRC-49401","XX01","Maintain authoritative records and lifecycle history","DOMAIN_TITLE_NOT_ESTABLISHED_BY_RETRIEVED_SOURCE","NOT_PROMOTED—EXACT LOCATOR/APPROVAL REQUIRED","SUPPORTING DESIGN ONLY—EXACT LOCATOR/APPROVAL REQUIRED","NOT FULLY PROMOTED—VALIDATE APPLICABILITY/LOCATOR","NOT FULLY PROMOTED—VALIDATE APPLICABILITY/LOCATOR","NOT FULLY PROMOTED—VALIDATE APPLICABILITY/LOCATOR","OPEN—NO UAT/ACCEPTANCE/G9 PROMOTION","Not stated in retrieved authoritative source","Existing submitted evidence inventory lists chapter-specific execution/evidence packs for Chapter 494; presence in ZIP inventory does not prove content or authoritative domain title. EM-OPS-SOURCE_Evidence_Intake_Tracker_463_500_v2 marks authoritative source evidence pending and status OPEN. BRD→SRS pattern mapping exists; exact approved design/contracts/test/UAT/release evidence must be retrieved and inspected before promotion."
"494","REQ-49402","SRS-FR-2510","TRC-49402","XX02","Enforce role-based authorization before material actions","DOMAIN_TITLE_NOT_ESTABLISHED_BY_RETRIEVED_SOURCE","NOT_PROMOTED—EXACT LOCATOR/APPROVAL REQUIRED","SUPPORTING DESIGN ONLY—EXACT LOCATOR/APPROVAL REQUIRED","NOT FULLY PROMOTED—VALIDATE APPLICABILITY/LOCATOR","NOT FULLY PROMOTED—VALIDATE APPLICABILITY/LOCATOR","NOT FULLY PROMOTED—VALIDATE APPLICABILITY/LOCATOR","OPEN—NO UAT/ACCEPTANCE/G9 PROMOTION","Not stated in retrieved authoritative source","Existing submitted evidence inventory lists chapter-specific execution/evidence packs for Chapter 494; presence in ZIP inventory does not prove content or authoritative domain title. EM-OPS-SOURCE_Evidence_Intake_Tracker_463_500_v2 marks authoritative source evidence pending and status OPEN. BRD→SRS pattern mapping exists; exact approved design/contracts/test/UAT/release evidence must be retrieved and inspected before promotion."
"494","REQ-49403","SRS-FR-2511","TRC-49403","XX03","Validate mandatory business conditions before material changes","DOMAIN_TITLE_NOT_ESTABLISHED_BY_RETRIEVED_SOURCE","NOT_PROMOTED—EXACT LOCATOR/APPROVAL REQUIRED","SUPPORTING DESIGN ONLY—EXACT LOCATOR/APPROVAL REQUIRED","NOT FULLY PROMOTED—VALIDATE APPLICABILITY/LOCATOR","NOT FULLY PROMOTED—VALIDATE APPLICABILITY/LOCATOR","NOT FULLY PROMOTED—VALIDATE APPLICABILITY/LOCATOR","OPEN—NO UAT/ACCEPTANCE/G9 PROMOTION","Not stated in retrieved authoritative source","Existing submitted evidence inventory lists chapter-specific execution/evidence packs for Chapter 494; presence in ZIP inventory does not prove content or authoritative domain title. EM-OPS-SOURCE_Evidence_Intake_Tracker_463_500_v2 marks authoritative source evidence pending and status OPEN. BRD→SRS pattern mapping exists; exact approved design/contracts/test/UAT/release evidence must be retrieved and inspected before promotion."
"494","REQ-49404","SRS-FR-2512","TRC-49404","XX04","Preserve audit evidence for material events","DOMAIN_TITLE_NOT_ESTABLISHED_BY_RETRIEVED_SOURCE","NOT_PROMOTED—EXACT LOCATOR/APPROVAL REQUIRED","SUPPORTING DESIGN ONLY—EXACT LOCATOR/APPROVAL REQUIRED","NOT FULLY PROMOTED—VALIDATE APPLICABILITY/LOCATOR","NOT FULLY PROMOTED—VALIDATE APPLICABILITY/LOCATOR","NOT FULLY PROMOTED—VALIDATE APPLICABILITY/LOCATOR","OPEN—NO UAT/ACCEPTANCE/G9 PROMOTION","Not stated in retrieved authoritative source","Existing submitted evidence inventory lists chapter-specific execution/evidence packs for Chapter 494; presence in ZIP inventory does not prove content or authoritative domain title. EM-OPS-SOURCE_Evidence_Intake_Tracker_463_500_v2 marks authoritative source evidence pending and status OPEN. BRD→SRS pattern mapping exists; exact approved design/contracts/test/UAT/release evidence must be retrieved and inspected before promotion."
"494","REQ-49405","SRS-FR-2513","TRC-49405","XX05","Support controlled exception handling","DOMAIN_TITLE_NOT_ESTABLISHED_BY_RETRIEVED_SOURCE","NOT_PROMOTED—EXACT LOCATOR/APPROVAL REQUIRED","SUPPORTING DESIGN ONLY—EXACT LOCATOR/APPROVAL REQUIRED","NOT FULLY PROMOTED—VALIDATE APPLICABILITY/LOCATOR","NOT FULLY PROMOTED—VALIDATE APPLICABILITY/LOCATOR","NOT FULLY PROMOTED—VALIDATE APPLICABILITY/LOCATOR","OPEN—NO UAT/ACCEPTANCE/G9 PROMOTION","Not stated in retrieved authoritative source","Existing submitted evidence inventory lists chapter-specific execution/evidence packs for Chapter 494; presence in ZIP inventory does not prove content or authoritative domain title. EM-OPS-SOURCE_Evidence_Intake_Tracker_463_500_v2 marks authoritative source evidence pending and status OPEN. BRD→SRS pattern mapping exists; exact approved design/contracts/test/UAT/release evidence must be retrieved and inspected before promotion."
"494","REQ-49406","SRS-FR-2514","TRC-49406","XX06","Provide governed reporting for status, exceptions and performance","DOMAIN_TITLE_NOT_ESTABLISHED_BY_RETRIEVED_SOURCE","NOT_PROMOTED—EXACT LOCATOR/APPROVAL REQUIRED","SUPPORTING DESIGN ONLY—EXACT LOCATOR/APPROVAL REQUIRED","NOT FULLY PROMOTED—VALIDATE APPLICABILITY/LOCATOR","NOT FULLY PROMOTED—VALIDATE APPLICABILITY/LOCATOR","NOT FULLY PROMOTED—VALIDATE APPLICABILITY/LOCATOR","OPEN—NO UAT/ACCEPTANCE/G9 PROMOTION","Not stated in retrieved authoritative source","Existing submitted evidence inventory lists chapter-specific execution/evidence packs for Chapter 494; presence in ZIP inventory does not prove content or authoritative domain title. EM-OPS-SOURCE_Evidence_Intake_Tracker_463_500_v2 marks authoritative source evidence pending and status OPEN. BRD→SRS pattern mapping exists; exact approved design/contracts/test/UAT/release evidence must be retrieved and inspected before promotion."
"495","REQ-49501","SRS-FR-2515","TRC-49501","XX01","Maintain authoritative records and lifecycle history","DOMAIN_TITLE_NOT_ESTABLISHED_BY_RETRIEVED_SOURCE","NOT_PROMOTED—EXACT LOCATOR/APPROVAL REQUIRED","SUPPORTING DESIGN ONLY—EXACT LOCATOR/APPROVAL REQUIRED","NOT FULLY PROMOTED—VALIDATE APPLICABILITY/LOCATOR","NOT FULLY PROMOTED—VALIDATE APPLICABILITY/LOCATOR","NOT FULLY PROMOTED—VALIDATE APPLICABILITY/LOCATOR","OPEN—NO UAT/ACCEPTANCE/G9 PROMOTION","Not stated in retrieved authoritative source","Existing submitted evidence inventory lists chapter-specific execution/evidence packs for Chapter 495; presence in ZIP inventory does not prove content or authoritative domain title. EM-OPS-SOURCE_Evidence_Intake_Tracker_463_500_v2 marks authoritative source evidence pending and status OPEN. BRD→SRS pattern mapping exists; exact approved design/contracts/test/UAT/release evidence must be retrieved and inspected before promotion."
"495","REQ-49502","SRS-FR-2516","TRC-49502","XX02","Enforce role-based authorization before material actions","DOMAIN_TITLE_NOT_ESTABLISHED_BY_RETRIEVED_SOURCE","NOT_PROMOTED—EXACT LOCATOR/APPROVAL REQUIRED","SUPPORTING DESIGN ONLY—EXACT LOCATOR/APPROVAL REQUIRED","NOT FULLY PROMOTED—VALIDATE APPLICABILITY/LOCATOR","NOT FULLY PROMOTED—VALIDATE APPLICABILITY/LOCATOR","NOT FULLY PROMOTED—VALIDATE APPLICABILITY/LOCATOR","OPEN—NO UAT/ACCEPTANCE/G9 PROMOTION","Not stated in retrieved authoritative source","Existing submitted evidence inventory lists chapter-specific execution/evidence packs for Chapter 495; presence in ZIP inventory does not prove content or authoritative domain title. EM-OPS-SOURCE_Evidence_Intake_Tracker_463_500_v2 marks authoritative source evidence pending and status OPEN. BRD→SRS pattern mapping exists; exact approved design/contracts/test/UAT/release evidence must be retrieved and inspected before promotion."
"495","REQ-49503","SRS-FR-2517","TRC-49503","XX03","Validate mandatory business conditions before material changes","DOMAIN_TITLE_NOT_ESTABLISHED_BY_RETRIEVED_SOURCE","NOT_PROMOTED—EXACT LOCATOR/APPROVAL REQUIRED","SUPPORTING DESIGN ONLY—EXACT LOCATOR/APPROVAL REQUIRED","NOT FULLY PROMOTED—VALIDATE APPLICABILITY/LOCATOR","NOT FULLY PROMOTED—VALIDATE APPLICABILITY/LOCATOR","NOT FULLY PROMOTED—VALIDATE APPLICABILITY/LOCATOR","OPEN—NO UAT/ACCEPTANCE/G9 PROMOTION","Not stated in retrieved authoritative source","Existing submitted evidence inventory lists chapter-specific execution/evidence packs for Chapter 495; presence in ZIP inventory does not prove content or authoritative domain title. EM-OPS-SOURCE_Evidence_Intake_Tracker_463_500_v2 marks authoritative source evidence pending and status OPEN. BRD→SRS pattern mapping exists; exact approved design/contracts/test/UAT/release evidence must be retrieved and inspected before promotion."
"495","REQ-49504","SRS-FR-2518","TRC-49504","XX04","Preserve audit evidence for material events","DOMAIN_TITLE_NOT_ESTABLISHED_BY_RETRIEVED_SOURCE","NOT_PROMOTED—EXACT LOCATOR/APPROVAL REQUIRED","SUPPORTING DESIGN ONLY—EXACT LOCATOR/APPROVAL REQUIRED","NOT FULLY PROMOTED—VALIDATE APPLICABILITY/LOCATOR","NOT FULLY PROMOTED—VALIDATE APPLICABILITY/LOCATOR","NOT FULLY PROMOTED—VALIDATE APPLICABILITY/LOCATOR","OPEN—NO UAT/ACCEPTANCE/G9 PROMOTION","Not stated in retrieved authoritative source","Existing submitted evidence inventory lists chapter-specific execution/evidence packs for Chapter 495; presence in ZIP inventory does not prove content or authoritative domain title. EM-OPS-SOURCE_Evidence_Intake_Tracker_463_500_v2 marks authoritative source evidence pending and status OPEN. BRD→SRS pattern mapping exists; exact approved design/contracts/test/UAT/release evidence must be retrieved and inspected before promotion."
"495","REQ-49505","SRS-FR-2519","TRC-49505","XX05","Support controlled exception handling","DOMAIN_TITLE_NOT_ESTABLISHED_BY_RETRIEVED_SOURCE","NOT_PROMOTED—EXACT LOCATOR/APPROVAL REQUIRED","SUPPORTING DESIGN ONLY—EXACT LOCATOR/APPROVAL REQUIRED","NOT FULLY PROMOTED—VALIDATE APPLICABILITY/LOCATOR","NOT FULLY PROMOTED—VALIDATE APPLICABILITY/LOCATOR","NOT FULLY PROMOTED—VALIDATE APPLICABILITY/LOCATOR","OPEN—NO UAT/ACCEPTANCE/G9 PROMOTION","Not stated in retrieved authoritative source","Existing submitted evidence inventory lists chapter-specific execution/evidence packs for Chapter 495; presence in ZIP inventory does not prove content or authoritative domain title. EM-OPS-SOURCE_Evidence_Intake_Tracker_463_500_v2 marks authoritative source evidence pending and status OPEN. BRD→SRS pattern mapping exists; exact approved design/contracts/test/UAT/release evidence must be retrieved and inspected before promotion."
"495","REQ-49506","SRS-FR-2520","TRC-49506","XX06","Provide governed reporting for status, exceptions and performance","DOMAIN_TITLE_NOT_ESTABLISHED_BY_RETRIEVED_SOURCE","NOT_PROMOTED—EXACT LOCATOR/APPROVAL REQUIRED","SUPPORTING DESIGN ONLY—EXACT LOCATOR/APPROVAL REQUIRED","NOT FULLY PROMOTED—VALIDATE APPLICABILITY/LOCATOR","NOT FULLY PROMOTED—VALIDATE APPLICABILITY/LOCATOR","NOT FULLY PROMOTED—VALIDATE APPLICABILITY/LOCATOR","OPEN—NO UAT/ACCEPTANCE/G9 PROMOTION","Not stated in retrieved authoritative source","Existing submitted evidence inventory lists chapter-specific execution/evidence packs for Chapter 495; presence in ZIP inventory does not prove content or authoritative domain title. EM-OPS-SOURCE_Evidence_Intake_Tracker_463_500_v2 marks authoritative source evidence pending and status OPEN. BRD→SRS pattern mapping exists; exact approved design/contracts/test/UAT/release evidence must be retrieved and inspected before promotion."
"496","REQ-49601","SRS-FR-2521","TRC-49601","XX01","Maintain authoritative records and lifecycle history","DOMAIN_TITLE_NOT_ESTABLISHED_BY_RETRIEVED_SOURCE","NOT_PROMOTED—EXACT LOCATOR/APPROVAL REQUIRED","SUPPORTING DESIGN ONLY—EXACT LOCATOR/APPROVAL REQUIRED","NOT FULLY PROMOTED—VALIDATE APPLICABILITY/LOCATOR","NOT FULLY PROMOTED—VALIDATE APPLICABILITY/LOCATOR","NOT FULLY PROMOTED—VALIDATE APPLICABILITY/LOCATOR","OPEN—NO UAT/ACCEPTANCE/G9 PROMOTION","Not stated in retrieved authoritative source","Existing submitted evidence inventory lists chapter-specific execution/evidence packs for Chapter 496; presence in ZIP inventory does not prove content or authoritative domain title. EM-OPS-SOURCE_Evidence_Intake_Tracker_463_500_v2 marks authoritative source evidence pending and status OPEN. BRD→SRS pattern mapping exists; exact approved design/contracts/test/UAT/release evidence must be retrieved and inspected before promotion."
"496","REQ-49602","SRS-FR-2522","TRC-49602","XX02","Enforce role-based authorization before material actions","DOMAIN_TITLE_NOT_ESTABLISHED_BY_RETRIEVED_SOURCE","NOT_PROMOTED—EXACT LOCATOR/APPROVAL REQUIRED","SUPPORTING DESIGN ONLY—EXACT LOCATOR/APPROVAL REQUIRED","NOT FULLY PROMOTED—VALIDATE APPLICABILITY/LOCATOR","NOT FULLY PROMOTED—VALIDATE APPLICABILITY/LOCATOR","NOT FULLY PROMOTED—VALIDATE APPLICABILITY/LOCATOR","OPEN—NO UAT/ACCEPTANCE/G9 PROMOTION","Not stated in retrieved authoritative source","Existing submitted evidence inventory lists chapter-specific execution/evidence packs for Chapter 496; presence in ZIP inventory does not prove content or authoritative domain title. EM-OPS-SOURCE_Evidence_Intake_Tracker_463_500_v2 marks authoritative source evidence pending and status OPEN. BRD→SRS pattern mapping exists; exact approved design/contracts/test/UAT/release evidence must be retrieved and inspected before promotion."
"496","REQ-49603","SRS-FR-2523","TRC-49603","XX03","Validate mandatory business conditions before material changes","DOMAIN_TITLE_NOT_ESTABLISHED_BY_RETRIEVED_SOURCE","NOT_PROMOTED—EXACT LOCATOR/APPROVAL REQUIRED","SUPPORTING DESIGN ONLY—EXACT LOCATOR/APPROVAL REQUIRED","NOT FULLY PROMOTED—VALIDATE APPLICABILITY/LOCATOR","NOT FULLY PROMOTED—VALIDATE APPLICABILITY/LOCATOR","NOT FULLY PROMOTED—VALIDATE APPLICABILITY/LOCATOR","OPEN—NO UAT/ACCEPTANCE/G9 PROMOTION","Not stated in retrieved authoritative source","Existing submitted evidence inventory lists chapter-specific execution/evidence packs for Chapter 496; presence in ZIP inventory does not prove content or authoritative domain title. EM-OPS-SOURCE_Evidence_Intake_Tracker_463_500_v2 marks authoritative source evidence pending and status OPEN. BRD→SRS pattern mapping exists; exact approved design/contracts/test/UAT/release evidence must be retrieved and inspected before promotion."
"496","REQ-49604","SRS-FR-2524","TRC-49604","XX04","Preserve audit evidence for material events","DOMAIN_TITLE_NOT_ESTABLISHED_BY_RETRIEVED_SOURCE","NOT_PROMOTED—EXACT LOCATOR/APPROVAL REQUIRED","SUPPORTING DESIGN ONLY—EXACT LOCATOR/APPROVAL REQUIRED","NOT FULLY PROMOTED—VALIDATE APPLICABILITY/LOCATOR","NOT FULLY PROMOTED—VALIDATE APPLICABILITY/LOCATOR","NOT FULLY PROMOTED—VALIDATE APPLICABILITY/LOCATOR","OPEN—NO UAT/ACCEPTANCE/G9 PROMOTION","Not stated in retrieved authoritative source","Existing submitted evidence inventory lists chapter-specific execution/evidence packs for Chapter 496; presence in ZIP inventory does not prove content or authoritative domain title. EM-OPS-SOURCE_Evidence_Intake_Tracker_463_500_v2 marks authoritative source evidence pending and status OPEN. BRD→SRS pattern mapping exists; exact approved design/contracts/test/UAT/release evidence must be retrieved and inspected before promotion."
"496","REQ-49605","SRS-FR-2525","TRC-49605","XX05","Support controlled exception handling","DOMAIN_TITLE_NOT_ESTABLISHED_BY_RETRIEVED_SOURCE","NOT_PROMOTED—EXACT LOCATOR/APPROVAL REQUIRED","SUPPORTING DESIGN ONLY—EXACT LOCATOR/APPROVAL REQUIRED","NOT FULLY PROMOTED—VALIDATE APPLICABILITY/LOCATOR","NOT FULLY PROMOTED—VALIDATE APPLICABILITY/LOCATOR","NOT FULLY PROMOTED—VALIDATE APPLICABILITY/LOCATOR","OPEN—NO UAT/ACCEPTANCE/G9 PROMOTION","Not stated in retrieved authoritative source","Existing submitted evidence inventory lists chapter-specific execution/evidence packs for Chapter 496; presence in ZIP inventory does not prove content or authoritative domain title. EM-OPS-SOURCE_Evidence_Intake_Tracker_463_500_v2 marks authoritative source evidence pending and status OPEN. BRD→SRS pattern mapping exists; exact approved design/contracts/test/UAT/release evidence must be retrieved and inspected before promotion."
"496","REQ-49606","SRS-FR-2526","TRC-49606","XX06","Provide governed reporting for status, exceptions and performance","DOMAIN_TITLE_NOT_ESTABLISHED_BY_RETRIEVED_SOURCE","NOT_PROMOTED—EXACT LOCATOR/APPROVAL REQUIRED","SUPPORTING DESIGN ONLY—EXACT LOCATOR/APPROVAL REQUIRED","NOT FULLY PROMOTED—VALIDATE APPLICABILITY/LOCATOR","NOT FULLY PROMOTED—VALIDATE APPLICABILITY/LOCATOR","NOT FULLY PROMOTED—VALIDATE APPLICABILITY/LOCATOR","OPEN—NO UAT/ACCEPTANCE/G9 PROMOTION","Not stated in retrieved authoritative source","Existing submitted evidence inventory lists chapter-specific execution/evidence packs for Chapter 496; presence in ZIP inventory does not prove content or authoritative domain title. EM-OPS-SOURCE_Evidence_Intake_Tracker_463_500_v2 marks authoritative source evidence pending and status OPEN. BRD→SRS pattern mapping exists; exact approved design/contracts/test/UAT/release evidence must be retrieved and inspected before promotion."
"497","REQ-49701","SRS-FR-2527","TRC-49701","XX01","Maintain authoritative records and lifecycle history","DOMAIN_TITLE_NOT_ESTABLISHED_BY_RETRIEVED_SOURCE","NOT_PROMOTED—EXACT LOCATOR/APPROVAL REQUIRED","SUPPORTING DESIGN ONLY—EXACT LOCATOR/APPROVAL REQUIRED","NOT FULLY PROMOTED—VALIDATE APPLICABILITY/LOCATOR","NOT FULLY PROMOTED—VALIDATE APPLICABILITY/LOCATOR","NOT FULLY PROMOTED—VALIDATE APPLICABILITY/LOCATOR","OPEN—NO UAT/ACCEPTANCE/G9 PROMOTION","Not stated in retrieved authoritative source","Existing submitted evidence inventory lists chapter-specific execution/evidence packs for Chapter 497; presence in ZIP inventory does not prove content or authoritative domain title. EM-OPS-SOURCE_Evidence_Intake_Tracker_463_500_v2 marks authoritative source evidence pending and status OPEN. BRD→SRS pattern mapping exists; exact approved design/contracts/test/UAT/release evidence must be retrieved and inspected before promotion."
"497","REQ-49702","SRS-FR-2528","TRC-49702","XX02","Enforce role-based authorization before material actions","DOMAIN_TITLE_NOT_ESTABLISHED_BY_RETRIEVED_SOURCE","NOT_PROMOTED—EXACT LOCATOR/APPROVAL REQUIRED","SUPPORTING DESIGN ONLY—EXACT LOCATOR/APPROVAL REQUIRED","NOT FULLY PROMOTED—VALIDATE APPLICABILITY/LOCATOR","NOT FULLY PROMOTED—VALIDATE APPLICABILITY/LOCATOR","NOT FULLY PROMOTED—VALIDATE APPLICABILITY/LOCATOR","OPEN—NO UAT/ACCEPTANCE/G9 PROMOTION","Not stated in retrieved authoritative source","Existing submitted evidence inventory lists chapter-specific execution/evidence packs for Chapter 497; presence in ZIP inventory does not prove content or authoritative domain title. EM-OPS-SOURCE_Evidence_Intake_Tracker_463_500_v2 marks authoritative source evidence pending and status OPEN. BRD→SRS pattern mapping exists; exact approved design/contracts/test/UAT/release evidence must be retrieved and inspected before promotion."
"497","REQ-49703","SRS-FR-2529","TRC-49703","XX03","Validate mandatory business conditions before material changes","DOMAIN_TITLE_NOT_ESTABLISHED_BY_RETRIEVED_SOURCE","NOT_PROMOTED—EXACT LOCATOR/APPROVAL REQUIRED","SUPPORTING DESIGN ONLY—EXACT LOCATOR/APPROVAL REQUIRED","NOT FULLY PROMOTED—VALIDATE APPLICABILITY/LOCATOR","NOT FULLY PROMOTED—VALIDATE APPLICABILITY/LOCATOR","NOT FULLY PROMOTED—VALIDATE APPLICABILITY/LOCATOR","OPEN—NO UAT/ACCEPTANCE/G9 PROMOTION","Not stated in retrieved authoritative source","Existing submitted evidence inventory lists chapter-specific execution/evidence packs for Chapter 497; presence in ZIP inventory does not prove content or authoritative domain title. EM-OPS-SOURCE_Evidence_Intake_Tracker_463_500_v2 marks authoritative source evidence pending and status OPEN. BRD→SRS pattern mapping exists; exact approved design/contracts/test/UAT/release evidence must be retrieved and inspected before promotion."
"497","REQ-49704","SRS-FR-2530","TRC-49704","XX04","Preserve audit evidence for material events","DOMAIN_TITLE_NOT_ESTABLISHED_BY_RETRIEVED_SOURCE","NOT_PROMOTED—EXACT LOCATOR/APPROVAL REQUIRED","SUPPORTING DESIGN ONLY—EXACT LOCATOR/APPROVAL REQUIRED","NOT FULLY PROMOTED—VALIDATE APPLICABILITY/LOCATOR","NOT FULLY PROMOTED—VALIDATE APPLICABILITY/LOCATOR","NOT FULLY PROMOTED—VALIDATE APPLICABILITY/LOCATOR","OPEN—NO UAT/ACCEPTANCE/G9 PROMOTION","Not stated in retrieved authoritative source","Existing submitted evidence inventory lists chapter-specific execution/evidence packs for Chapter 497; presence in ZIP inventory does not prove content or authoritative domain title. EM-OPS-SOURCE_Evidence_Intake_Tracker_463_500_v2 marks authoritative source evidence pending and status OPEN. BRD→SRS pattern mapping exists; exact approved design/contracts/test/UAT/release evidence must be retrieved and inspected before promotion."
"497","REQ-49705","SRS-FR-2531","TRC-49705","XX05","Support controlled exception handling","DOMAIN_TITLE_NOT_ESTABLISHED_BY_RETRIEVED_SOURCE","NOT_PROMOTED—EXACT LOCATOR/APPROVAL REQUIRED","SUPPORTING DESIGN ONLY—EXACT LOCATOR/APPROVAL REQUIRED","NOT FULLY PROMOTED—VALIDATE APPLICABILITY/LOCATOR","NOT FULLY PROMOTED—VALIDATE APPLICABILITY/LOCATOR","NOT FULLY PROMOTED—VALIDATE APPLICABILITY/LOCATOR","OPEN—NO UAT/ACCEPTANCE/G9 PROMOTION","Not stated in retrieved authoritative source","Existing submitted evidence inventory lists chapter-specific execution/evidence packs for Chapter 497; presence in ZIP inventory does not prove content or authoritative domain title. EM-OPS-SOURCE_Evidence_Intake_Tracker_463_500_v2 marks authoritative source evidence pending and status OPEN. BRD→SRS pattern mapping exists; exact approved design/contracts/test/UAT/release evidence must be retrieved and inspected before promotion."
"497","REQ-49706","SRS-FR-2532","TRC-49706","XX06","Provide governed reporting for status, exceptions and performance","DOMAIN_TITLE_NOT_ESTABLISHED_BY_RETRIEVED_SOURCE","NOT_PROMOTED—EXACT LOCATOR/APPROVAL REQUIRED","SUPPORTING DESIGN ONLY—EXACT LOCATOR/APPROVAL REQUIRED","NOT FULLY PROMOTED—VALIDATE APPLICABILITY/LOCATOR","NOT FULLY PROMOTED—VALIDATE APPLICABILITY/LOCATOR","NOT FULLY PROMOTED—VALIDATE APPLICABILITY/LOCATOR","OPEN—NO UAT/ACCEPTANCE/G9 PROMOTION","Not stated in retrieved authoritative source","Existing submitted evidence inventory lists chapter-specific execution/evidence packs for Chapter 497; presence in ZIP inventory does not prove content or authoritative domain title. EM-OPS-SOURCE_Evidence_Intake_Tracker_463_500_v2 marks authoritative source evidence pending and status OPEN. BRD→SRS pattern mapping exists; exact approved design/contracts/test/UAT/release evidence must be retrieved and inspected before promotion."
"498","REQ-49801","SRS-FR-2533","TRC-49801","XX01","Maintain authoritative records and lifecycle history","DOMAIN_TITLE_NOT_ESTABLISHED_BY_RETRIEVED_SOURCE","NOT_PROMOTED—EXACT LOCATOR/APPROVAL REQUIRED","SUPPORTING DESIGN ONLY—EXACT LOCATOR/APPROVAL REQUIRED","NOT FULLY PROMOTED—VALIDATE APPLICABILITY/LOCATOR","NOT FULLY PROMOTED—VALIDATE APPLICABILITY/LOCATOR","NOT FULLY PROMOTED—VALIDATE APPLICABILITY/LOCATOR","OPEN—NO UAT/ACCEPTANCE/G9 PROMOTION","Not stated in retrieved authoritative source","Existing submitted evidence inventory lists chapter-specific execution/evidence packs for Chapter 498; presence in ZIP inventory does not prove content or authoritative domain title. EM-OPS-SOURCE_Evidence_Intake_Tracker_463_500_v2 marks authoritative source evidence pending and status OPEN. BRD→SRS pattern mapping exists; exact approved design/contracts/test/UAT/release evidence must be retrieved and inspected before promotion."
"498","REQ-49802","SRS-FR-2534","TRC-49802","XX02","Enforce role-based authorization before material actions","DOMAIN_TITLE_NOT_ESTABLISHED_BY_RETRIEVED_SOURCE","NOT_PROMOTED—EXACT LOCATOR/APPROVAL REQUIRED","SUPPORTING DESIGN ONLY—EXACT LOCATOR/APPROVAL REQUIRED","NOT FULLY PROMOTED—VALIDATE APPLICABILITY/LOCATOR","NOT FULLY PROMOTED—VALIDATE APPLICABILITY/LOCATOR","NOT FULLY PROMOTED—VALIDATE APPLICABILITY/LOCATOR","OPEN—NO UAT/ACCEPTANCE/G9 PROMOTION","Not stated in retrieved authoritative source","Existing submitted evidence inventory lists chapter-specific execution/evidence packs for Chapter 498; presence in ZIP inventory does not prove content or authoritative domain title. EM-OPS-SOURCE_Evidence_Intake_Tracker_463_500_v2 marks authoritative source evidence pending and status OPEN. BRD→SRS pattern mapping exists; exact approved design/contracts/test/UAT/release evidence must be retrieved and inspected before promotion."
"498","REQ-49803","SRS-FR-2535","TRC-49803","XX03","Validate mandatory business conditions before material changes","DOMAIN_TITLE_NOT_ESTABLISHED_BY_RETRIEVED_SOURCE","NOT_PROMOTED—EXACT LOCATOR/APPROVAL REQUIRED","SUPPORTING DESIGN ONLY—EXACT LOCATOR/APPROVAL REQUIRED","NOT FULLY PROMOTED—VALIDATE APPLICABILITY/LOCATOR","NOT FULLY PROMOTED—VALIDATE APPLICABILITY/LOCATOR","NOT FULLY PROMOTED—VALIDATE APPLICABILITY/LOCATOR","OPEN—NO UAT/ACCEPTANCE/G9 PROMOTION","Not stated in retrieved authoritative source","Existing submitted evidence inventory lists chapter-specific execution/evidence packs for Chapter 498; presence in ZIP inventory does not prove content or authoritative domain title. EM-OPS-SOURCE_Evidence_Intake_Tracker_463_500_v2 marks authoritative source evidence pending and status OPEN. BRD→SRS pattern mapping exists; exact approved design/contracts/test/UAT/release evidence must be retrieved and inspected before promotion."
"498","REQ-49804","SRS-FR-2536","TRC-49804","XX04","Preserve audit evidence for material events","DOMAIN_TITLE_NOT_ESTABLISHED_BY_RETRIEVED_SOURCE","NOT_PROMOTED—EXACT LOCATOR/APPROVAL REQUIRED","SUPPORTING DESIGN ONLY—EXACT LOCATOR/APPROVAL REQUIRED","NOT FULLY PROMOTED—VALIDATE APPLICABILITY/LOCATOR","NOT FULLY PROMOTED—VALIDATE APPLICABILITY/LOCATOR","NOT FULLY PROMOTED—VALIDATE APPLICABILITY/LOCATOR","OPEN—NO UAT/ACCEPTANCE/G9 PROMOTION","Not stated in retrieved authoritative source","Existing submitted evidence inventory lists chapter-specific execution/evidence packs for Chapter 498; presence in ZIP inventory does not prove content or authoritative domain title. EM-OPS-SOURCE_Evidence_Intake_Tracker_463_500_v2 marks authoritative source evidence pending and status OPEN. BRD→SRS pattern mapping exists; exact approved design/contracts/test/UAT/release evidence must be retrieved and inspected before promotion."
"498","REQ-49805","SRS-FR-2537","TRC-49805","XX05","Support controlled exception handling","DOMAIN_TITLE_NOT_ESTABLISHED_BY_RETRIEVED_SOURCE","NOT_PROMOTED—EXACT LOCATOR/APPROVAL REQUIRED","SUPPORTING DESIGN ONLY—EXACT LOCATOR/APPROVAL REQUIRED","NOT FULLY PROMOTED—VALIDATE APPLICABILITY/LOCATOR","NOT FULLY PROMOTED—VALIDATE APPLICABILITY/LOCATOR","NOT FULLY PROMOTED—VALIDATE APPLICABILITY/LOCATOR","OPEN—NO UAT/ACCEPTANCE/G9 PROMOTION","Not stated in retrieved authoritative source","Existing submitted evidence inventory lists chapter-specific execution/evidence packs for Chapter 498; presence in ZIP inventory does not prove content or authoritative domain title. EM-OPS-SOURCE_Evidence_Intake_Tracker_463_500_v2 marks authoritative source evidence pending and status OPEN. BRD→SRS pattern mapping exists; exact approved design/contracts/test/UAT/release evidence must be retrieved and inspected before promotion."
"498","REQ-49806","SRS-FR-2538","TRC-49806","XX06","Provide governed reporting for status, exceptions and performance","DOMAIN_TITLE_NOT_ESTABLISHED_BY_RETRIEVED_SOURCE","NOT_PROMOTED—EXACT LOCATOR/APPROVAL REQUIRED","SUPPORTING DESIGN ONLY—EXACT LOCATOR/APPROVAL REQUIRED","NOT FULLY PROMOTED—VALIDATE APPLICABILITY/LOCATOR","NOT FULLY PROMOTED—VALIDATE APPLICABILITY/LOCATOR","NOT FULLY PROMOTED—VALIDATE APPLICABILITY/LOCATOR","OPEN—NO UAT/ACCEPTANCE/G9 PROMOTION","Not stated in retrieved authoritative source","Existing submitted evidence inventory lists chapter-specific execution/evidence packs for Chapter 498; presence in ZIP inventory does not prove content or authoritative domain title. EM-OPS-SOURCE_Evidence_Intake_Tracker_463_500_v2 marks authoritative source evidence pending and status OPEN. BRD→SRS pattern mapping exists; exact approved design/contracts/test/UAT/release evidence must be retrieved and inspected before promotion."
"499","REQ-49901","SRS-FR-2539","TRC-49901","XX01","Maintain authoritative records and lifecycle history","DOMAIN_TITLE_NOT_ESTABLISHED_BY_RECOVERY_SOURCE","NOT_PROMOTED—EXACT LOCATOR/APPROVAL REQUIRED","SUPPORTING DESIGN ONLY—EXACT LOCATOR/APPROVAL REQUIRED","NOT FULLY PROMOTED—VALIDATE APPLICABILITY/LOCATOR","NOT FULLY PROMOTED—VALIDATE APPLICABILITY/LOCATOR","NOT FULLY PROMOTED—VALIDATE APPLICABILITY/LOCATOR","OPEN—NO UAT/ACCEPTANCE/G9 PROMOTION","Not stated in EM-OPS-RECOVERY-11","EM-OPS-RECOVERY-11 Chapters 495–500 Evidence Reconciliation explicitly maps REQ-49901–REQ-49906 to SRS-FR-2539–2544 and XX01–XX06; every requirement remains OPEN / NOT CERTIFIED, with design, test, UAT, release, ops and acceptance fields pending. This recovery source does not state an authoritative domain title. EM-OPS-042 says all initial entries OPEN/PENDING and a tracker entry is not evidence itself."
"499","REQ-49902","SRS-FR-2540","TRC-49902","XX02","Enforce role-based authorization before material actions","DOMAIN_TITLE_NOT_ESTABLISHED_BY_RECOVERY_SOURCE","NOT_PROMOTED—EXACT LOCATOR/APPROVAL REQUIRED","SUPPORTING DESIGN ONLY—EXACT LOCATOR/APPROVAL REQUIRED","NOT FULLY PROMOTED—VALIDATE APPLICABILITY/LOCATOR","NOT FULLY PROMOTED—VALIDATE APPLICABILITY/LOCATOR","NOT FULLY PROMOTED—VALIDATE APPLICABILITY/LOCATOR","OPEN—NO UAT/ACCEPTANCE/G9 PROMOTION","Not stated in EM-OPS-RECOVERY-11","EM-OPS-RECOVERY-11 Chapters 495–500 Evidence Reconciliation explicitly maps REQ-49901–REQ-49906 to SRS-FR-2539–2544 and XX01–XX06; every requirement remains OPEN / NOT CERTIFIED, with design, test, UAT, release, ops and acceptance fields pending. This recovery source does not state an authoritative domain title. EM-OPS-042 says all initial entries OPEN/PENDING and a tracker entry is not evidence itself."
"499","REQ-49903","SRS-FR-2541","TRC-49903","XX03","Validate mandatory business conditions before material changes","DOMAIN_TITLE_NOT_ESTABLISHED_BY_RECOVERY_SOURCE","NOT_PROMOTED—EXACT LOCATOR/APPROVAL REQUIRED","SUPPORTING DESIGN ONLY—EXACT LOCATOR/APPROVAL REQUIRED","NOT FULLY PROMOTED—VALIDATE APPLICABILITY/LOCATOR","NOT FULLY PROMOTED—VALIDATE APPLICABILITY/LOCATOR","NOT FULLY PROMOTED—VALIDATE APPLICABILITY/LOCATOR","OPEN—NO UAT/ACCEPTANCE/G9 PROMOTION","Not stated in EM-OPS-RECOVERY-11","EM-OPS-RECOVERY-11 Chapters 495–500 Evidence Reconciliation explicitly maps REQ-49901–REQ-49906 to SRS-FR-2539–2544 and XX01–XX06; every requirement remains OPEN / NOT CERTIFIED, with design, test, UAT, release, ops and acceptance fields pending. This recovery source does not state an authoritative domain title. EM-OPS-042 says all initial entries OPEN/PENDING and a tracker entry is not evidence itself."
"499","REQ-49904","SRS-FR-2542","TRC-49904","XX04","Preserve audit evidence for material events","DOMAIN_TITLE_NOT_ESTABLISHED_BY_RECOVERY_SOURCE","NOT_PROMOTED—EXACT LOCATOR/APPROVAL REQUIRED","SUPPORTING DESIGN ONLY—EXACT LOCATOR/APPROVAL REQUIRED","NOT FULLY PROMOTED—VALIDATE APPLICABILITY/LOCATOR","NOT FULLY PROMOTED—VALIDATE APPLICABILITY/LOCATOR","NOT FULLY PROMOTED—VALIDATE APPLICABILITY/LOCATOR","OPEN—NO UAT/ACCEPTANCE/G9 PROMOTION","Not stated in EM-OPS-RECOVERY-11","EM-OPS-RECOVERY-11 Chapters 495–500 Evidence Reconciliation explicitly maps REQ-49901–REQ-49906 to SRS-FR-2539–2544 and XX01–XX06; every requirement remains OPEN / NOT CERTIFIED, with design, test, UAT, release, ops and acceptance fields pending. This recovery source does not state an authoritative domain title. EM-OPS-042 says all initial entries OPEN/PENDING and a tracker entry is not evidence itself."
"499","REQ-49905","SRS-FR-2543","TRC-49905","XX05","Support controlled exception handling","DOMAIN_TITLE_NOT_ESTABLISHED_BY_RECOVERY_SOURCE","NOT_PROMOTED—EXACT LOCATOR/APPROVAL REQUIRED","SUPPORTING DESIGN ONLY—EXACT LOCATOR/APPROVAL REQUIRED","NOT FULLY PROMOTED—VALIDATE APPLICABILITY/LOCATOR","NOT FULLY PROMOTED—VALIDATE APPLICABILITY/LOCATOR","NOT FULLY PROMOTED—VALIDATE APPLICABILITY/LOCATOR","OPEN—NO UAT/ACCEPTANCE/G9 PROMOTION","Not stated in EM-OPS-RECOVERY-11","EM-OPS-RECOVERY-11 Chapters 495–500 Evidence Reconciliation explicitly maps REQ-49901–REQ-49906 to SRS-FR-2539–2544 and XX01–XX06; every requirement remains OPEN / NOT CERTIFIED, with design, test, UAT, release, ops and acceptance fields pending. This recovery source does not state an authoritative domain title. EM-OPS-042 says all initial entries OPEN/PENDING and a tracker entry is not evidence itself."
"499","REQ-49906","SRS-FR-2544","TRC-49906","XX06","Provide governed reporting for status, exceptions and performance","DOMAIN_TITLE_NOT_ESTABLISHED_BY_RECOVERY_SOURCE","NOT_PROMOTED—EXACT LOCATOR/APPROVAL REQUIRED","SUPPORTING DESIGN ONLY—EXACT LOCATOR/APPROVAL REQUIRED","NOT FULLY PROMOTED—VALIDATE APPLICABILITY/LOCATOR","NOT FULLY PROMOTED—VALIDATE APPLICABILITY/LOCATOR","NOT FULLY PROMOTED—VALIDATE APPLICABILITY/LOCATOR","OPEN—NO UAT/ACCEPTANCE/G9 PROMOTION","Not stated in EM-OPS-RECOVERY-11","EM-OPS-RECOVERY-11 Chapters 495–500 Evidence Reconciliation explicitly maps REQ-49901–REQ-49906 to SRS-FR-2539–2544 and XX01–XX06; every requirement remains OPEN / NOT CERTIFIED, with design, test, UAT, release, ops and acceptance fields pending. This recovery source does not state an authoritative domain title. EM-OPS-042 says all initial entries OPEN/PENDING and a tracker entry is not evidence itself."
"500","REQ-50001","SRS-FR-2545","TRC-50001","XX01","Maintain authoritative records and lifecycle history","DOMAIN_TITLE_NOT_ESTABLISHED_BY_RECOVERY_SOURCE","NOT_PROMOTED—EXACT LOCATOR/APPROVAL REQUIRED","SUPPORTING DESIGN ONLY—EXACT LOCATOR/APPROVAL REQUIRED","NOT FULLY PROMOTED—VALIDATE APPLICABILITY/LOCATOR","NOT FULLY PROMOTED—VALIDATE APPLICABILITY/LOCATOR","NOT FULLY PROMOTED—VALIDATE APPLICABILITY/LOCATOR","OPEN—NO UAT/ACCEPTANCE/G9 PROMOTION","Not stated in EM-OPS-RECOVERY-11","EM-OPS-RECOVERY-11 Chapters 495–500 Evidence Reconciliation explicitly maps REQ-50001–REQ-50006 to SRS-FR-2545–2550 and XX01–XX06; every requirement remains OPEN / NOT CERTIFIED, with design, test, UAT, release, ops and acceptance fields pending. This recovery source does not state an authoritative domain title. EM-OPS-042 says all initial entries OPEN/PENDING and a tracker entry is not evidence itself."
"500","REQ-50002","SRS-FR-2546","TRC-50002","XX02","Enforce role-based authorization before material actions","DOMAIN_TITLE_NOT_ESTABLISHED_BY_RECOVERY_SOURCE","NOT_PROMOTED—EXACT LOCATOR/APPROVAL REQUIRED","SUPPORTING DESIGN ONLY—EXACT LOCATOR/APPROVAL REQUIRED","NOT FULLY PROMOTED—VALIDATE APPLICABILITY/LOCATOR","NOT FULLY PROMOTED—VALIDATE APPLICABILITY/LOCATOR","NOT FULLY PROMOTED—VALIDATE APPLICABILITY/LOCATOR","OPEN—NO UAT/ACCEPTANCE/G9 PROMOTION","Not stated in EM-OPS-RECOVERY-11","EM-OPS-RECOVERY-11 Chapters 495–500 Evidence Reconciliation explicitly maps REQ-50001–REQ-50006 to SRS-FR-2545–2550 and XX01–XX06; every requirement remains OPEN / NOT CERTIFIED, with design, test, UAT, release, ops and acceptance fields pending. This recovery source does not state an authoritative domain title. EM-OPS-042 says all initial entries OPEN/PENDING and a tracker entry is not evidence itself."
"500","REQ-50003","SRS-FR-2547","TRC-50003","XX03","Validate mandatory business conditions before material changes","DOMAIN_TITLE_NOT_ESTABLISHED_BY_RECOVERY_SOURCE","NOT_PROMOTED—EXACT LOCATOR/APPROVAL REQUIRED","SUPPORTING DESIGN ONLY—EXACT LOCATOR/APPROVAL REQUIRED","NOT FULLY PROMOTED—VALIDATE APPLICABILITY/LOCATOR","NOT FULLY PROMOTED—VALIDATE APPLICABILITY/LOCATOR","NOT FULLY PROMOTED—VALIDATE APPLICABILITY/LOCATOR","OPEN—NO UAT/ACCEPTANCE/G9 PROMOTION","Not stated in EM-OPS-RECOVERY-11","EM-OPS-RECOVERY-11 Chapters 495–500 Evidence Reconciliation explicitly maps REQ-50001–REQ-50006 to SRS-FR-2545–2550 and XX01–XX06; every requirement remains OPEN / NOT CERTIFIED, with design, test, UAT, release, ops and acceptance fields pending. This recovery source does not state an authoritative domain title. EM-OPS-042 says all initial entries OPEN/PENDING and a tracker entry is not evidence itself."
"500","REQ-50004","SRS-FR-2548","TRC-50004","XX04","Preserve audit evidence for material events","DOMAIN_TITLE_NOT_ESTABLISHED_BY_RECOVERY_SOURCE","NOT_PROMOTED—EXACT LOCATOR/APPROVAL REQUIRED","SUPPORTING DESIGN ONLY—EXACT LOCATOR/APPROVAL REQUIRED","NOT FULLY PROMOTED—VALIDATE APPLICABILITY/LOCATOR","NOT FULLY PROMOTED—VALIDATE APPLICABILITY/LOCATOR","NOT FULLY PROMOTED—VALIDATE APPLICABILITY/LOCATOR","OPEN—NO UAT/ACCEPTANCE/G9 PROMOTION","Not stated in EM-OPS-RECOVERY-11","EM-OPS-RECOVERY-11 Chapters 495–500 Evidence Reconciliation explicitly maps REQ-50001–REQ-50006 to SRS-FR-2545–2550 and XX01–XX06; every requirement remains OPEN / NOT CERTIFIED, with design, test, UAT, release, ops and acceptance fields pending. This recovery source does not state an authoritative domain title. EM-OPS-042 says all initial entries OPEN/PENDING and a tracker entry is not evidence itself."
"500","REQ-50005","SRS-FR-2549","TRC-50005","XX05","Support controlled exception handling","DOMAIN_TITLE_NOT_ESTABLISHED_BY_RECOVERY_SOURCE","NOT_PROMOTED—EXACT LOCATOR/APPROVAL REQUIRED","SUPPORTING DESIGN ONLY—EXACT LOCATOR/APPROVAL REQUIRED","NOT FULLY PROMOTED—VALIDATE APPLICABILITY/LOCATOR","NOT FULLY PROMOTED—VALIDATE APPLICABILITY/LOCATOR","NOT FULLY PROMOTED—VALIDATE APPLICABILITY/LOCATOR","OPEN—NO UAT/ACCEPTANCE/G9 PROMOTION","Not stated in EM-OPS-RECOVERY-11","EM-OPS-RECOVERY-11 Chapters 495–500 Evidence Reconciliation explicitly maps REQ-50001–REQ-50006 to SRS-FR-2545–2550 and XX01–XX06; every requirement remains OPEN / NOT CERTIFIED, with design, test, UAT, release, ops and acceptance fields pending. This recovery source does not state an authoritative domain title. EM-OPS-042 says all initial entries OPEN/PENDING and a tracker entry is not evidence itself."
"500","REQ-50006","SRS-FR-2550","TRC-50006","XX06","Provide governed reporting for status, exceptions and performance","DOMAIN_TITLE_NOT_ESTABLISHED_BY_RECOVERY_SOURCE","NOT_PROMOTED—EXACT LOCATOR/APPROVAL REQUIRED","SUPPORTING DESIGN ONLY—EXACT LOCATOR/APPROVAL REQUIRED","NOT FULLY PROMOTED—VALIDATE APPLICABILITY/LOCATOR","NOT FULLY PROMOTED—VALIDATE APPLICABILITY/LOCATOR","NOT FULLY PROMOTED—VALIDATE APPLICABILITY/LOCATOR","OPEN—NO UAT/ACCEPTANCE/G9 PROMOTION","Not stated in EM-OPS-RECOVERY-11","EM-OPS-RECOVERY-11 Chapters 495–500 Evidence Reconciliation explicitly maps REQ-50001–REQ-50006 to SRS-FR-2545–2550 and XX01–XX06; every requirement remains OPEN / NOT CERTIFIED, with design, test, UAT, release, ops and acceptance fields pending. This recovery source does not state an authoritative domain title. EM-OPS-042 says all initial entries OPEN/PENDING and a tracker entry is not evidence itself."
